﻿INTENT,ENTITY,AREA,ID,SQL
ESTATUS,GENERAL,TEST,1,"select distinct physical.wuschd as ""Ship Date"", TLCTRY as ""Country"", custname as ""Customer Name"", physical.wutwrc as ""WU QTY"", commit as ""Commit"", firm as ""Firm"", rev as ""Revenue"", test.wuprln as ""Prod. Line"", "
ESTATUS,GENERAL,TEST,2,"ormatp as ""MT"", ormmdl as ""Model"", physical.wunmbr as ""WU OP"", physical.wuopst as ""WU Status"", PREIND AS ""Preload"", physical.wumfgn as ""MFG #"", physical.wuworn as ""Order"", test.wucell as ""Test Cell"", "
ESTATUS,GENERAL,TEST,3,CASE 
ESTATUS,GENERAL,TEST,4,WHEN (physical.wunmbr = '0450') THEN 'KITTING' WHEN (physical.wunmbr = '0500') THEN 'BUILD' WHEN (physical.wunmbr = '0600') THEN 'RACK MERGE' 
ESTATUS,GENERAL,TEST,5,WHEN (physical.wunmbr = '0970') THEN 'COMPLETED' WHEN (physical.wunmbr = '0850') THEN 'COMPLETED' WHEN (physical.wunmbr = 'VI20') THEN 'COMPLETED' WHEN (physical.wunmbr = 'VI25') THEN 'COMPLETED'  WHEN (physical.wunmbr = 'QIAF') THEN 'COMPLETED'
ESTATUS,GENERAL,TEST,6,WHEN (physical.wunmbr = 'HP20') THEN 'HIPOT' WHEN (physical.wunmbr = '0803') THEN 'CAPTIVES' WHEN (physical.wunmbr = '0805') THEN 'CAPTIVES' WHEN (physical.wunmbr = '0650') THEN 'CABLING'  WHEN (physical.wunmbr = '463') THEN 'CSC'
ESTATUS,GENERAL,TEST,7,ELSE STATUS 
ESTATUS,GENERAL,TEST,8,"END AS ""Status"","
ESTATUS,GENERAL,TEST,9,"test.wunmbr as ""TL OP"", STEP as ""Step"", TCO, commentc as ""Comment"", ettcd as ""ETTC"""
ESTATUS,GENERAL,TEST,10,FROM qryq.MFSGWU10_GRC physical 
ESTATUS,GENERAL,TEST,11,INNER JOIN qryq.MFSGWU10_GRC test on physical.wumfgn = test.wumfgn and physical.WUWORN = test.wuworn and test.wuwtyp = 'X'  
ESTATUS,GENERAL,TEST,12,INNER join qryq.MFSGOR10_GRC on physical.wumfgn = ormfgn AND physical.wuWORN = orORNO 
ESTATUS,GENERAL,TEST,13,INNER JOIN QRYQ.MFSGTL10_GRC ON physical.WUMFGN = TLMFGN 
ESTATUS,GENERAL,TEST,14,FULL OUTER join idmq.siidmtool_IDMOUT1970_urc on physical.wumfgn = mfgn 
ESTATUS,GENERAL,TEST,15,WHERE physical.WUMCTL IN (SELECT ORMCTL FROM QRYQ.MFSGOR10_GRC WHERE ORCECI = 'Y') 
ESTATUS,GENERAL,TEST,16,"and physical.wuidss in ('0000','IPRC')  and ormatp not in ('3952')  and test.wucell not like 'RCH%' "
ESTATUS,GENERAL,TEST,17,and ((physical.wunmbr = 'TEST' and physical.wuopst = 'A') or (physical.wunmbr = '0805' or physical.wunmbr = '0803' or physical.wunmbr = 'HP20' or physical.wunmbr = '463') or (physical.wunmbr = '0850' and physical.wuopst = 'W'))
ESTATUS,GENERAL,TEST,18,and orceci = 'Y' and physical.wumfgn not like 'IPR%' 
ESTATUS,BRAZOS,TEST,1,"select distinct physical.wuschd as ""Ship Date"", TLCTRY as ""Country"", custname as ""Customer Name"", physical.wutwrc as ""WU QTY"", commit as ""Commit"", firm as ""Firm"", rev as ""Revenue"", test.wuprln as ""Prod. Line"", "
ESTATUS,BRAZOS,TEST,2,"ormatp as ""MT"", ormmdl as ""Model"", physical.wunmbr as ""WU OP"", physical.wuopst as ""WU Status"", PREIND AS ""Preload"", physical.wumfgn as ""MFG #"", physical.wuworn as ""Order"", test.wucell as ""Test Cell"", "
ESTATUS,BRAZOS,TEST,3,CASE 
ESTATUS,BRAZOS,TEST,4,WHEN (physical.wunmbr = '0450') THEN 'KITTING' WHEN (physical.wunmbr = '0500') THEN 'BUILD' WHEN (physical.wunmbr = '0600') THEN 'RACK MERGE' 
ESTATUS,BRAZOS,TEST,5,WHEN (physical.wunmbr = '0970') THEN 'COMPLETED' WHEN (physical.wunmbr = '0850') THEN 'COMPLETED' WHEN (physical.wunmbr = 'VI20') THEN 'COMPLETED' WHEN (physical.wunmbr = 'VI25') THEN 'COMPLETED'  WHEN (physical.wunmbr = 'QIAF') THEN 'COMPLETED'
ESTATUS,BRAZOS,TEST,6,WHEN (physical.wunmbr = 'HP20') THEN 'HIPOT' WHEN (physical.wunmbr = '0803') THEN 'CAPTIVES' WHEN (physical.wunmbr = '0805') THEN 'CAPTIVES' WHEN (physical.wunmbr = '0650') THEN 'CABLING'  WHEN (physical.wunmbr = '463') THEN 'CSC'
ESTATUS,BRAZOS,TEST,7,ELSE STATUS 
ESTATUS,BRAZOS,TEST,8,"END AS ""Status"","
ESTATUS,BRAZOS,TEST,9,"test.wunmbr as ""TL OP"", STEP as ""Step"", TCO, commentc as ""Comment"", ettcd as ""ETTC"""
ESTATUS,BRAZOS,TEST,10,FROM qryq.MFSGWU10_GRC physical 
ESTATUS,BRAZOS,TEST,11,INNER JOIN qryq.MFSGWU10_GRC test on physical.wumfgn = test.wumfgn and physical.WUWORN = test.wuworn and test.wuwtyp = 'X'  
ESTATUS,BRAZOS,TEST,12,INNER join qryq.MFSGOR10_GRC on physical.wumfgn = ormfgn AND physical.wuWORN = orORNO 
ESTATUS,BRAZOS,TEST,13,INNER JOIN QRYQ.MFSGTL10_GRC ON physical.WUMFGN = TLMFGN 
ESTATUS,BRAZOS,TEST,14,FULL OUTER join idmq.siidmtool_IDMOUT1970_urc on physical.wumfgn = mfgn 
ESTATUS,BRAZOS,TEST,15,WHERE physical.WUMCTL IN (SELECT ORMCTL FROM QRYQ.MFSGOR10_GRC WHERE ORCECI = 'Y') 
ESTATUS,BRAZOS,TEST,16,"and physical.wuidss in ('0000','IPRC')  and ormatp not in ('3952')  and test.wucell not like 'RCH%' "
ESTATUS,BRAZOS,TEST,17,and ((physical.wunmbr = 'TEST' and physical.wuopst = 'A') or (physical.wunmbr = '0805' or physical.wunmbr = '0803' or physical.wunmbr = 'HP20' or physical.wunmbr = '463') or (physical.wunmbr = '0850' and physical.wuopst = 'W'))
ESTATUS,BRAZOS,TEST,18,and orceci = 'Y' and physical.wumfgn not like 'IPR%' 
ESTATUS,BRAZOS,TEST,19,"and ormatp in ('9117', '9080', '9119', '9179')"
ESTATUS,ALPINE,TEST,1,"select distinct physical.wuschd as ""Ship Date"", TLCTRY as ""Country"", custname as ""Customer Name"", physical.wutwrc as ""WU QTY"", commit as ""Commit"", firm as ""Firm"", rev as ""Revenue"", test.wuprln as ""Prod. Line"", "
ESTATUS,ALPINE,TEST,2,"ormatp as ""MT"", ormmdl as ""Model"", physical.wunmbr as ""WU OP"", physical.wuopst as ""WU Status"", PREIND AS ""Preload"", physical.wumfgn as ""MFG #"", physical.wuworn as ""Order"", test.wucell as ""Test Cell"", "
ESTATUS,ALPINE,TEST,3,CASE 
ESTATUS,ALPINE,TEST,4,WHEN (physical.wunmbr = '0450') THEN 'KITTING' WHEN (physical.wunmbr = '0500') THEN 'BUILD' WHEN (physical.wunmbr = '0600') THEN 'RACK MERGE' 
ESTATUS,ALPINE,TEST,5,WHEN (physical.wunmbr = '0970') THEN 'COMPLETED' WHEN (physical.wunmbr = '0850') THEN 'COMPLETED' WHEN (physical.wunmbr = 'VI20') THEN 'COMPLETED' WHEN (physical.wunmbr = 'VI25') THEN 'COMPLETED'  WHEN (physical.wunmbr = 'QIAF') THEN 'COMPLETED'
ESTATUS,ALPINE,TEST,6,WHEN (physical.wunmbr = 'HP20') THEN 'HIPOT' WHEN (physical.wunmbr = '0803') THEN 'CAPTIVES' WHEN (physical.wunmbr = '0805') THEN 'CAPTIVES' WHEN (physical.wunmbr = '0650') THEN 'CABLING'  WHEN (physical.wunmbr = '463') THEN 'CSC'
ESTATUS,ALPINE,TEST,7,ELSE STATUS 
ESTATUS,ALPINE,TEST,8,"END AS ""Status"","
ESTATUS,ALPINE,TEST,9,"test.wunmbr as ""TL OP"", STEP as ""Step"", TCO, commentc as ""Comment"", ettcd as ""ETTC"""
ESTATUS,ALPINE,TEST,10,FROM qryq.MFSGWU10_GRC physical 
ESTATUS,ALPINE,TEST,11,INNER JOIN qryq.MFSGWU10_GRC test on physical.wumfgn = test.wumfgn and physical.WUWORN = test.wuworn and test.wuwtyp = 'X'  
ESTATUS,ALPINE,TEST,12,INNER join qryq.MFSGOR10_GRC on physical.wumfgn = ormfgn AND physical.wuWORN = orORNO 
ESTATUS,ALPINE,TEST,13,INNER JOIN QRYQ.MFSGTL10_GRC ON physical.WUMFGN = TLMFGN 
ESTATUS,ALPINE,TEST,14,FULL OUTER join idmq.siidmtool_IDMOUT1970_urc on physical.wumfgn = mfgn 
ESTATUS,ALPINE,TEST,15,WHERE physical.WUMCTL IN (SELECT ORMCTL FROM QRYQ.MFSGOR10_GRC WHERE ORCECI = 'Y') 
ESTATUS,ALPINE,TEST,16,"and physical.wuidss in ('0000','IPRC')  and ormatp not in ('3952')  and test.wucell not like 'RCH%' "
ESTATUS,ALPINE,TEST,17,and ((physical.wunmbr = 'TEST' and physical.wuopst = 'A') or (physical.wunmbr = '0805' or physical.wunmbr = '0803' or physical.wunmbr = 'HP20' or physical.wunmbr = '463') or (physical.wunmbr = '0850' and physical.wuopst = 'W'))
ESTATUS,ALPINE,TEST,18,and orceci = 'Y' and physical.wumfgn not like 'IPR%' 
ESTATUS,ALPINE,TEST,19,and ormatp in ('8408')
ESTATUS,ZZ,TEST,1,"select distinct physical.wuschd as ""Ship Date"", TLCTRY as ""Country"", custname as ""Customer Name"", physical.wutwrc as ""WU QTY"", commit as ""Commit"", firm as ""Firm"", rev as ""Revenue"", test.wuprln as ""Prod. Line"", "
ESTATUS,ZZ,TEST,2,"ormatp as ""MT"", ormmdl as ""Model"", physical.wunmbr as ""WU OP"", physical.wuopst as ""WU Status"", PREIND AS ""Preload"", physical.wumfgn as ""MFG #"", physical.wuworn as ""Order"", test.wucell as ""Test Cell"", "
ESTATUS,ZZ,TEST,3,CASE 
ESTATUS,ZZ,TEST,4,WHEN (physical.wunmbr = '0450') THEN 'KITTING' WHEN (physical.wunmbr = '0500') THEN 'BUILD' WHEN (physical.wunmbr = '0600') THEN 'RACK MERGE' 
ESTATUS,ZZ,TEST,5,WHEN (physical.wunmbr = '0970') THEN 'COMPLETED' WHEN (physical.wunmbr = '0850') THEN 'COMPLETED' WHEN (physical.wunmbr = 'VI20') THEN 'COMPLETED' WHEN (physical.wunmbr = 'VI25') THEN 'COMPLETED'  WHEN (physical.wunmbr = 'QIAF') THEN 'COMPLETED'
ESTATUS,ZZ,TEST,6,WHEN (physical.wunmbr = 'HP20') THEN 'HIPOT' WHEN (physical.wunmbr = '0803') THEN 'CAPTIVES' WHEN (physical.wunmbr = '0805') THEN 'CAPTIVES' WHEN (physical.wunmbr = '0650') THEN 'CABLING'  WHEN (physical.wunmbr = '463') THEN 'CSC'
ESTATUS,ZZ,TEST,7,ELSE STATUS 
ESTATUS,ZZ,TEST,8,"END AS ""Status"","
ESTATUS,ZZ,TEST,9,"test.wunmbr as ""TL OP"", STEP as ""Step"", TCO, commentc as ""Comment"", ettcd as ""ETTC"""
ESTATUS,ZZ,TEST,10,FROM qryq.MFSGWU10_GRC physical 
ESTATUS,ZZ,TEST,11,INNER JOIN qryq.MFSGWU10_GRC test on physical.wumfgn = test.wumfgn and physical.WUWORN = test.wuworn and test.wuwtyp = 'X'  
ESTATUS,ZZ,TEST,12,INNER join qryq.MFSGOR10_GRC on physical.wumfgn = ormfgn AND physical.wuWORN = orORNO 
ESTATUS,ZZ,TEST,13,INNER JOIN QRYQ.MFSGTL10_GRC ON physical.WUMFGN = TLMFGN 
ESTATUS,ZZ,TEST,14,FULL OUTER join idmq.siidmtool_IDMOUT1970_urc on physical.wumfgn = mfgn 
ESTATUS,ZZ,TEST,15,WHERE physical.WUMCTL IN (SELECT ORMCTL FROM QRYQ.MFSGOR10_GRC WHERE ORCECI = 'Y') 
ESTATUS,ZZ,TEST,16,"and physical.wuidss in ('0000','IPRC')  and ormatp not in ('3952')  and test.wucell not like 'RCH%' "
ESTATUS,ZZ,TEST,17,and ((physical.wunmbr = 'TEST' and physical.wuopst = 'A') or (physical.wunmbr = '0805' or physical.wunmbr = '0803' or physical.wunmbr = 'HP20' or physical.wunmbr = '463') or (physical.wunmbr = '0850' and physical.wuopst = 'W'))
ESTATUS,ZZ,TEST,18,and orceci = 'Y' and physical.wumfgn not like 'IPR%' 
ESTATUS,ZZ,TEST,19,"and ormatp in ('9008', '9009', '9010', '9011', '9223')"
ESTATUS,TULETA,TEST,1,"select distinct physical.wuschd as ""Ship Date"", TLCTRY as ""Country"", custname as ""Customer Name"", physical.wutwrc as ""WU QTY"", commit as ""Commit"", firm as ""Firm"", rev as ""Revenue"", test.wuprln as ""Prod. Line"", "
ESTATUS,TULETA,TEST,2,"ormatp as ""MT"", ormmdl as ""Model"", physical.wunmbr as ""WU OP"", physical.wuopst as ""WU Status"", PREIND AS ""Preload"", physical.wumfgn as ""MFG #"", physical.wuworn as ""Order"", test.wucell as ""Test Cell"", "
ESTATUS,TULETA,TEST,3,CASE 
ESTATUS,TULETA,TEST,4,WHEN (physical.wunmbr = '0450') THEN 'KITTING' WHEN (physical.wunmbr = '0500') THEN 'BUILD' WHEN (physical.wunmbr = '0600') THEN 'RACK MERGE' 
ESTATUS,TULETA,TEST,5,WHEN (physical.wunmbr = '0970') THEN 'COMPLETED' WHEN (physical.wunmbr = '0850') THEN 'COMPLETED' WHEN (physical.wunmbr = 'VI20') THEN 'COMPLETED' WHEN (physical.wunmbr = 'VI25') THEN 'COMPLETED'  WHEN (physical.wunmbr = 'QIAF') THEN 'COMPLETED'
ESTATUS,TULETA,TEST,6,WHEN (physical.wunmbr = 'HP20') THEN 'HIPOT' WHEN (physical.wunmbr = '0803') THEN 'CAPTIVES' WHEN (physical.wunmbr = '0805') THEN 'CAPTIVES' WHEN (physical.wunmbr = '0650') THEN 'CABLING'  WHEN (physical.wunmbr = '463') THEN 'CSC'
ESTATUS,TULETA,TEST,7,ELSE STATUS 
ESTATUS,TULETA,TEST,8,"END AS ""Status"","
ESTATUS,TULETA,TEST,9,"test.wunmbr as ""TL OP"", STEP as ""Step"", TCO, commentc as ""Comment"", ettcd as ""ETTC"""
ESTATUS,TULETA,TEST,10,FROM qryq.MFSGWU10_GRC physical 
ESTATUS,TULETA,TEST,11,INNER JOIN qryq.MFSGWU10_GRC test on physical.wumfgn = test.wumfgn and physical.WUWORN = test.wuworn and test.wuwtyp = 'X'  
ESTATUS,TULETA,TEST,12,INNER join qryq.MFSGOR10_GRC on physical.wumfgn = ormfgn AND physical.wuWORN = orORNO 
ESTATUS,TULETA,TEST,13,INNER JOIN QRYQ.MFSGTL10_GRC ON physical.WUMFGN = TLMFGN 
ESTATUS,TULETA,TEST,14,FULL OUTER join idmq.siidmtool_IDMOUT1970_urc on physical.wumfgn = mfgn 
ESTATUS,TULETA,TEST,15,WHERE physical.WUMCTL IN (SELECT ORMCTL FROM QRYQ.MFSGOR10_GRC WHERE ORCECI = 'Y') 
ESTATUS,TULETA,TEST,16,"and physical.wuidss in ('0000','IPRC')  and ormatp not in ('3952')  and test.wucell not like 'RCH%' "
ESTATUS,TULETA,TEST,17,and ((physical.wunmbr = 'TEST' and physical.wuopst = 'A') or (physical.wunmbr = '0805' or physical.wunmbr = '0803' or physical.wunmbr = 'HP20' or physical.wunmbr = '463') or (physical.wunmbr = '0850' and physical.wuopst = 'W'))
ESTATUS,TULETA,TEST,18,and orceci = 'Y' and physical.wumfgn not like 'IPR%' 
ESTATUS,TULETA,TEST,19,"and ormatp in ('8286', '8284')"
ESTATUS,SOLUTION,TEST,1,"select distinct physical.wuschd as ""Ship Date"", TLCTRY as ""Country"", custname as ""Customer Name"", physical.wutwrc as ""WU QTY"", commit as ""Commit"", firm as ""Firm"", rev as ""Revenue"", test.wuprln as ""Prod. Line"", "
ESTATUS,SOLUTION,TEST,2,"ormatp as ""MT"", ormmdl as ""Model"", physical.wunmbr as ""WU OP"", physical.wuopst as ""WU Status"", PREIND AS ""Preload"", physical.wumfgn as ""MFG #"", physical.wuworn as ""Order"", test.wucell as ""Test Cell"", "
ESTATUS,SOLUTION,TEST,3,CASE 
ESTATUS,SOLUTION,TEST,4,WHEN (physical.wunmbr = '0450') THEN 'KITTING' WHEN (physical.wunmbr = '0500') THEN 'BUILD' WHEN (physical.wunmbr = '0600') THEN 'RACK MERGE' 
ESTATUS,SOLUTION,TEST,5,WHEN (physical.wunmbr = '0970') THEN 'COMPLETED' WHEN (physical.wunmbr = '0850') THEN 'COMPLETED' WHEN (physical.wunmbr = 'VI20') THEN 'COMPLETED' WHEN (physical.wunmbr = 'VI25') THEN 'COMPLETED'  WHEN (physical.wunmbr = 'QIAF') THEN 'COMPLETED'
ESTATUS,SOLUTION,TEST,6,WHEN (physical.wunmbr = 'HP20') THEN 'HIPOT' WHEN (physical.wunmbr = '0803') THEN 'CAPTIVES' WHEN (physical.wunmbr = '0805') THEN 'CAPTIVES' WHEN (physical.wunmbr = '0650') THEN 'CABLING'  WHEN (physical.wunmbr = '463') THEN 'CSC'
ESTATUS,SOLUTION,TEST,7,ELSE STATUS 
ESTATUS,SOLUTION,TEST,8,"END AS ""Status"","
ESTATUS,SOLUTION,TEST,9,"test.wunmbr as ""TL OP"", STEP as ""Step"", TCO, commentc as ""Comment"", ettcd as ""ETTC"""
ESTATUS,SOLUTION,TEST,10,FROM qryq.MFSGWU10_GRC physical 
ESTATUS,SOLUTION,TEST,11,INNER JOIN qryq.MFSGWU10_GRC test on physical.wumfgn = test.wumfgn and physical.WUWORN = test.wuworn and test.wuwtyp = 'X'  
ESTATUS,SOLUTION,TEST,12,INNER join qryq.MFSGOR10_GRC on physical.wumfgn = ormfgn AND physical.wuWORN = orORNO 
ESTATUS,SOLUTION,TEST,13,INNER JOIN QRYQ.MFSGTL10_GRC ON physical.WUMFGN = TLMFGN 
ESTATUS,SOLUTION,TEST,14,FULL OUTER join idmq.siidmtool_IDMOUT1970_urc on physical.wumfgn = mfgn 
ESTATUS,SOLUTION,TEST,15,WHERE physical.WUMCTL IN (SELECT ORMCTL FROM QRYQ.MFSGOR10_GRC WHERE ORCECI = 'Y') 
ESTATUS,SOLUTION,TEST,16,"and physical.wuidss in ('0000','IPRC')  and ormatp not in ('3952')  and test.wucell not like 'RCH%' "
ESTATUS,SOLUTION,TEST,17,and ((physical.wunmbr = 'TEST' and physical.wuopst = 'A') or (physical.wunmbr = '0805' or physical.wunmbr = '0803' or physical.wunmbr = 'HP20' or physical.wunmbr = '463') or (physical.wunmbr = '0850' and physical.wuopst = 'W'))
ESTATUS,SOLUTION,TEST,18,and orceci = 'Y' and physical.wumfgn not like 'IPR%' 
ESTATUS,SOLUTION,TEST,19,"and ormatp in ('5148', '8247', '5104')"
ESTATUS,WITHERSPOON,TEST,1,"select distinct physical.wuschd as ""Ship Date"", TLCTRY as ""Country"", custname as ""Customer Name"", physical.wutwrc as ""WU QTY"", commit as ""Commit"", firm as ""Firm"", rev as ""Revenue"", test.wuprln as ""Prod. Line"", "
ESTATUS,WITHERSPOON,TEST,2,"ormatp as ""MT"", ormmdl as ""Model"", physical.wunmbr as ""WU OP"", physical.wuopst as ""WU Status"", PREIND AS ""Preload"", physical.wumfgn as ""MFG #"", physical.wuworn as ""Order"", test.wucell as ""Test Cell"", "
ESTATUS,WITHERSPOON,TEST,3,CASE 
ESTATUS,WITHERSPOON,TEST,4,WHEN (physical.wunmbr = '0450') THEN 'KITTING' WHEN (physical.wunmbr = '0500') THEN 'BUILD' WHEN (physical.wunmbr = '0600') THEN 'RACK MERGE' 
ESTATUS,WITHERSPOON,TEST,5,WHEN (physical.wunmbr = '0970') THEN 'COMPLETED' WHEN (physical.wunmbr = '0850') THEN 'COMPLETED' WHEN (physical.wunmbr = 'VI20') THEN 'COMPLETED' WHEN (physical.wunmbr = 'VI25') THEN 'COMPLETED'  WHEN (physical.wunmbr = 'QIAF') THEN 'COMPLETED'
ESTATUS,WITHERSPOON,TEST,6,WHEN (physical.wunmbr = 'HP20') THEN 'HIPOT' WHEN (physical.wunmbr = '0803') THEN 'CAPTIVES' WHEN (physical.wunmbr = '0805') THEN 'CAPTIVES' WHEN (physical.wunmbr = '0650') THEN 'CABLING'  WHEN (physical.wunmbr = '463') THEN 'CSC'
ESTATUS,WITHERSPOON,TEST,7,ELSE STATUS 
ESTATUS,WITHERSPOON,TEST,8,"END AS ""Status"","
ESTATUS,WITHERSPOON,TEST,9,"test.wunmbr as ""TL OP"", STEP as ""Step"", TCO, commentc as ""Comment"", ettcd as ""ETTC"""
ESTATUS,WITHERSPOON,TEST,10,FROM qryq.MFSGWU10_GRC physical 
ESTATUS,WITHERSPOON,TEST,11,INNER JOIN qryq.MFSGWU10_GRC test on physical.wumfgn = test.wumfgn and physical.WUWORN = test.wuworn and test.wuwtyp = 'X'  
ESTATUS,WITHERSPOON,TEST,12,INNER join qryq.MFSGOR10_GRC on physical.wumfgn = ormfgn AND physical.wuWORN = orORNO 
ESTATUS,WITHERSPOON,TEST,13,INNER JOIN QRYQ.MFSGTL10_GRC ON physical.WUMFGN = TLMFGN 
ESTATUS,WITHERSPOON,TEST,14,FULL OUTER join idmq.siidmtool_IDMOUT1970_urc on physical.wumfgn = mfgn 
ESTATUS,WITHERSPOON,TEST,15,WHERE physical.WUMCTL IN (SELECT ORMCTL FROM QRYQ.MFSGOR10_GRC WHERE ORCECI = 'Y') 
ESTATUS,WITHERSPOON,TEST,16,"and physical.wuidss in ('0000','IPRC')  and ormatp not in ('3952')  and test.wucell not like 'RCH%' "
ESTATUS,WITHERSPOON,TEST,17,and ((physical.wunmbr = 'TEST' and physical.wuopst = 'A') or (physical.wunmbr = '0805' or physical.wunmbr = '0803' or physical.wunmbr = 'HP20' or physical.wunmbr = '463') or (physical.wunmbr = '0850' and physical.wuopst = 'W'))
ESTATUS,WITHERSPOON,TEST,18,and orceci = 'Y' and physical.wumfgn not like 'IPR%' 
ESTATUS,WITHERSPOON,TEST,19,and ormatp in ('8335')
ESTATUS,SHIP WINDOW,TEST,1,"select distinct physical.wuschd as ""Ship Date"", TLCTRY as ""Country"", custname as ""Customer Name"", physical.wutwrc as ""WU QTY"", commit as ""Commit"", firm as ""Firm"", rev as ""Revenue"", test.wuprln as ""Prod. Line"", "
ESTATUS,SHIP WINDOW,TEST,2,"ormatp as ""MT"", ormmdl as ""Model"", physical.wunmbr as ""WU OP"", physical.wuopst as ""WU Status"", PREIND AS ""Preload"", physical.wumfgn as ""MFG #"", physical.wuworn as ""Order"", test.wucell as ""Test Cell"", "
ESTATUS,SHIP WINDOW,TEST,3,CASE 
ESTATUS,SHIP WINDOW,TEST,4,WHEN (physical.wunmbr = '0450') THEN 'KITTING' WHEN (physical.wunmbr = '0500') THEN 'BUILD' WHEN (physical.wunmbr = '0600') THEN 'RACK MERGE' 
ESTATUS,SHIP WINDOW,TEST,5,WHEN (physical.wunmbr = '0970') THEN 'COMPLETED' WHEN (physical.wunmbr = '0850') THEN 'COMPLETED' WHEN (physical.wunmbr = 'VI20') THEN 'COMPLETED' WHEN (physical.wunmbr = 'VI25') THEN 'COMPLETED'  WHEN (physical.wunmbr = 'QIAF') THEN 'COMPLETED'
ESTATUS,SHIP WINDOW,TEST,6,WHEN (physical.wunmbr = 'HP20') THEN 'HIPOT' WHEN (physical.wunmbr = '0803') THEN 'CAPTIVES' WHEN (physical.wunmbr = '0805') THEN 'CAPTIVES' WHEN (physical.wunmbr = '0650') THEN 'CABLING'  WHEN (physical.wunmbr = '463') THEN 'CSC'
ESTATUS,SHIP WINDOW,TEST,7,ELSE STATUS 
ESTATUS,SHIP WINDOW,TEST,8,"END AS ""Status"","
ESTATUS,SHIP WINDOW,TEST,9,"test.wunmbr as ""TL OP"", STEP as ""Step"", TCO, commentc as ""Comment"", ettcd as ""ETTC"""
ESTATUS,SHIP WINDOW,TEST,10,FROM qryq.MFSGWU10_GRC physical 
ESTATUS,SHIP WINDOW,TEST,11,INNER JOIN qryq.MFSGWU10_GRC test on physical.wumfgn = test.wumfgn and physical.WUWORN = test.wuworn and test.wuwtyp = 'X'  
ESTATUS,SHIP WINDOW,TEST,12,INNER join qryq.MFSGOR10_GRC on physical.wumfgn = ormfgn AND physical.wuWORN = orORNO 
ESTATUS,SHIP WINDOW,TEST,13,INNER JOIN QRYQ.MFSGTL10_GRC ON physical.WUMFGN = TLMFGN 
ESTATUS,SHIP WINDOW,TEST,14,FULL OUTER join idmq.siidmtool_IDMOUT1970_urc on physical.wumfgn = mfgn 
ESTATUS,SHIP WINDOW,TEST,15,WHERE physical.WUMCTL IN (SELECT ORMCTL FROM QRYQ.MFSGOR10_GRC WHERE ORCECI = 'Y') 
ESTATUS,SHIP WINDOW,TEST,16,"and physical.wuidss in ('0000','IPRC')  and ormatp not in ('3952')  and test.wucell not like 'RCH%' "
ESTATUS,SHIP WINDOW,TEST,17,and ((physical.wunmbr = 'TEST' and physical.wuopst = 'A') or (physical.wunmbr = '0805' or physical.wunmbr = '0803' or physical.wunmbr = 'HP20' or physical.wunmbr = '463') or (physical.wunmbr = '0850' and physical.wuopst = 'W'))
ESTATUS,SHIP WINDOW,TEST,18,and orceci = 'Y' and physical.wumfgn not like 'IPR%' 
ESTATUS,SHIP WINDOW,TEST,19,and physical.wuschd between  CURRENT_DATE AND (CURRENT_DATE + 7 DAYS)
ESTATUS,TCO,TEST,1,"select distinct physical.wuschd as ""Ship Date"", TLCTRY as ""Country"", custname as ""Customer Name"", physical.wutwrc as ""WU QTY"", commit as ""Commit"", firm as ""Firm"", rev as ""Revenue"", test.wuprln as ""Prod. Line"", "
ESTATUS,TCO,TEST,2,"ormatp as ""MT"", ormmdl as ""Model"", physical.wunmbr as ""WU OP"", physical.wuopst as ""WU Status"", PREIND AS ""Preload"", physical.wumfgn as ""MFG #"", physical.wuworn as ""Order"", test.wucell as ""Test Cell"", "
ESTATUS,TCO,TEST,3,CASE 
ESTATUS,TCO,TEST,4,WHEN (physical.wunmbr = '0450') THEN 'KITTING' WHEN (physical.wunmbr = '0500') THEN 'BUILD' WHEN (physical.wunmbr = '0600') THEN 'RACK MERGE' 
ESTATUS,TCO,TEST,5,WHEN (physical.wunmbr = '0970') THEN 'COMPLETED' WHEN (physical.wunmbr = '0850') THEN 'COMPLETED' WHEN (physical.wunmbr = 'VI20') THEN 'COMPLETED' WHEN (physical.wunmbr = 'VI25') THEN 'COMPLETED'  WHEN (physical.wunmbr = 'QIAF') THEN 'COMPLETED'
ESTATUS,TCO,TEST,6,WHEN (physical.wunmbr = 'HP20') THEN 'HIPOT' WHEN (physical.wunmbr = '0803') THEN 'CAPTIVES' WHEN (physical.wunmbr = '0805') THEN 'CAPTIVES' WHEN (physical.wunmbr = '0650') THEN 'CABLING'  WHEN (physical.wunmbr = '463') THEN 'CSC'
ESTATUS,TCO,TEST,7,ELSE STATUS 
ESTATUS,TCO,TEST,8,"END AS ""Status"","
ESTATUS,TCO,TEST,9,"test.wunmbr as ""TL OP"", STEP as ""Step"", TCO, commentc as ""Comment"", ettcd as ""ETTC"""
ESTATUS,TCO,TEST,10,FROM qryq.MFSGWU10_GRC physical 
ESTATUS,TCO,TEST,11,INNER JOIN qryq.MFSGWU10_GRC test on physical.wumfgn = test.wumfgn and physical.WUWORN = test.wuworn and test.wuwtyp = 'X'  
ESTATUS,TCO,TEST,12,INNER join qryq.MFSGOR10_GRC on physical.wumfgn = ormfgn AND physical.wuWORN = orORNO 
ESTATUS,TCO,TEST,13,INNER JOIN QRYQ.MFSGTL10_GRC ON physical.WUMFGN = TLMFGN 
ESTATUS,TCO,TEST,14,FULL OUTER join idmq.siidmtool_IDMOUT1970_urc on physical.wumfgn = mfgn 
ESTATUS,TCO,TEST,15,WHERE physical.WUMCTL IN (SELECT ORMCTL FROM QRYQ.MFSGOR10_GRC WHERE ORCECI = 'Y') 
ESTATUS,TCO,TEST,16,"and physical.wuidss in ('0000','IPRC')  and ormatp not in ('3952')  and test.wucell not like 'RCH%' "
ESTATUS,TCO,TEST,17,and ((physical.wunmbr = 'TEST' and physical.wuopst = 'A') or (physical.wunmbr = '0805' or physical.wunmbr = '0803' or physical.wunmbr = 'HP20' or physical.wunmbr = '463') or (physical.wunmbr = '0850' and physical.wuopst = 'W'))
ESTATUS,TCO,TEST,18,and orceci = 'Y' and physical.wumfgn not like 'IPR%' 
ESTATUS,TCO,TEST,19,and TCODSP >= 20.00
ESTATUS,TOOL,TEST,1,"select distinct physical.wuschd as ""Ship Date"", TLCTRY as ""Country"", custname as ""Customer Name"", physical.wutwrc as ""WU QTY"", commit as ""Commit"", firm as ""Firm"", rev as ""Revenue"", test.wuprln as ""Prod. Line"", "
ESTATUS,TOOL,TEST,2,"ormatp as ""MT"", ormmdl as ""Model"", physical.wunmbr as ""WU OP"", physical.wuopst as ""WU Status"", PREIND AS ""Preload"", physical.wumfgn as ""MFG #"", physical.wuworn as ""Order"", test.wucell as ""Test Cell"", "
ESTATUS,TOOL,TEST,3,CASE 
ESTATUS,TOOL,TEST,4,WHEN (physical.wunmbr = '0450') THEN 'KITTING' WHEN (physical.wunmbr = '0500') THEN 'BUILD' WHEN (physical.wunmbr = '0600') THEN 'RACK MERGE' 
ESTATUS,TOOL,TEST,5,WHEN (physical.wunmbr = '0970') THEN 'COMPLETED' WHEN (physical.wunmbr = '0850') THEN 'COMPLETED' WHEN (physical.wunmbr = 'VI20') THEN 'COMPLETED' WHEN (physical.wunmbr = 'VI25') THEN 'COMPLETED'  WHEN (physical.wunmbr = 'QIAF') THEN 'COMPLETED'
ESTATUS,TOOL,TEST,6,WHEN (physical.wunmbr = 'HP20') THEN 'HIPOT' WHEN (physical.wunmbr = '0803') THEN 'CAPTIVES' WHEN (physical.wunmbr = '0805') THEN 'CAPTIVES' WHEN (physical.wunmbr = '0650') THEN 'CABLING'  WHEN (physical.wunmbr = '463') THEN 'CSC'
ESTATUS,TOOL,TEST,7,ELSE STATUS 
ESTATUS,TOOL,TEST,8,"END AS ""Status"","
ESTATUS,TOOL,TEST,9,"test.wunmbr as ""TL OP"", STEP as ""Step"", TCO, commentc as ""Comment"", ettcd as ""ETTC"""
ESTATUS,TOOL,TEST,10,FROM qryq.MFSGWU10_GRC physical 
ESTATUS,TOOL,TEST,11,INNER JOIN qryq.MFSGWU10_GRC test on physical.wumfgn = test.wumfgn and physical.WUWORN = test.wuworn and test.wuwtyp = 'X'  
ESTATUS,TOOL,TEST,12,INNER join qryq.MFSGOR10_GRC on physical.wumfgn = ormfgn AND physical.wuWORN = orORNO 
ESTATUS,TOOL,TEST,13,INNER JOIN QRYQ.MFSGTL10_GRC ON physical.WUMFGN = TLMFGN 
ESTATUS,TOOL,TEST,14,FULL OUTER join idmq.siidmtool_IDMOUT1970_urc on physical.wumfgn = mfgn 
ESTATUS,TOOL,TEST,15,WHERE physical.WUMCTL IN (SELECT ORMCTL FROM QRYQ.MFSGOR10_GRC WHERE ORCECI = 'Y') 
ESTATUS,TOOL,TEST,16,"and physical.wuidss in ('0000','IPRC')  and ormatp not in ('3952')  and test.wucell not like 'RCH%' "
ESTATUS,TOOL,TEST,17,and ((physical.wunmbr = 'TEST' and physical.wuopst = 'A') or (physical.wunmbr = '0805' or physical.wunmbr = '0803' or physical.wunmbr = 'HP20' or physical.wunmbr = '463') or (physical.wunmbr = '0850' and physical.wuopst = 'W'))
ESTATUS,TOOL,TEST,18,and orceci = 'Y' and physical.wumfgn not like 'IPR%' 
ESTATUS,TOOL,TEST,19,and physical.wumfgn in (mfgn)
ESTATUS,LISTA,TEST,1,"select distinct physical.wuschd as ""Ship Date"", TLCTRY as ""Country"", custname as ""Customer Name"", physical.wutwrc as ""WU QTY"", commit as ""Commit"", firm as ""Firm"", rev as ""Revenue"", test.wuprln as ""Prod. Line"", "
ESTATUS,LISTA,TEST,2,"ormatp as ""MT"", ormmdl as ""Model"", physical.wunmbr as ""WU OP"", physical.wuopst as ""WU Status"", PREIND AS ""Preload"", physical.wumfgn as ""MFG #"", physical.wuworn as ""Order"", test.wucell as ""Test Cell"", "
ESTATUS,LISTA,TEST,3,CASE 
ESTATUS,LISTA,TEST,4,WHEN (physical.wunmbr = '0450') THEN 'KITTING' WHEN (physical.wunmbr = '0500') THEN 'BUILD' WHEN (physical.wunmbr = '0600') THEN 'RACK MERGE' WHEN (physical.wunmbr = 'TEST' and physical.wuopst = 'W' ) THEN 'WAITING TEST' 
ESTATUS,LISTA,TEST,5,WHEN (physical.wunmbr = '0970') THEN 'COMPLETED' WHEN (physical.wunmbr = '0850') THEN 'COMPLETED' WHEN (physical.wunmbr = 'VI20') THEN 'COMPLETED' WHEN (physical.wunmbr = 'VI25') THEN 'COMPLETED'  WHEN (physical.wunmbr = 'QIAF') THEN 'COMPLETED'
ESTATUS,LISTA,TEST,6,WHEN (physical.wunmbr = 'HP20') THEN 'HIPOT' WHEN (physical.wunmbr = '0803') THEN 'CAPTIVES' WHEN (physical.wunmbr = '0805') THEN 'CAPTIVES' WHEN (physical.wunmbr = '0650') THEN 'CABLING'  WHEN (physical.wunmbr = '463') THEN 'CSC' 
ESTATUS,LISTA,TEST,7,ELSE STATUS 
ESTATUS,LISTA,TEST,8,"END AS ""Status"", "
ESTATUS,LISTA,TEST,9,"test.wunmbr as ""TL OP"", STEP as ""Step"", TCO, commentc as ""Comment"", ettcd as ""ETTC"""
ESTATUS,LISTA,TEST,10,FROM qryq.MFSGWU10_GRC physical 
ESTATUS,LISTA,TEST,11,INNER JOIN qryq.MFSGWU10_GRC test on physical.wumfgn = test.wumfgn and physical.WUWORN = test.wuworn and test.wuwtyp = 'X'  
ESTATUS,LISTA,TEST,12,INNER join qryq.MFSGOR10_GRC on physical.wumfgn = ormfgn AND physical.wuWORN = orORNO 
ESTATUS,LISTA,TEST,13,INNER JOIN QRYQ.MFSGTL10_GRC ON physical.WUMFGN = TLMFGN 
ESTATUS,LISTA,TEST,14,FULL OUTER join idmq.siidmtool_IDMOUT1970_urc on physical.wumfgn = mfgn 
ESTATUS,LISTA,TEST,15,WHERE physical.WUMCTL IN (SELECT ORMCTL FROM QRYQ.MFSGOR10_GRC WHERE ORCECI = 'Y') 
ESTATUS,LISTA,TEST,16,"and physical.wuidss in ('0000','IPRC')  and ormatp not in ('3952')  and test.wucell not like 'RCH%' "
ESTATUS,LISTA,TEST,17,and orceci = 'Y' and physical.wumfgn not like 'IPR%' 
ESTATUS,CRITICAS,TEST,1,"select distinct physical.wuschd as ""Ship Date"", TLCTRY as ""Country"", custname as ""Customer Name"", physical.wutwrc as ""WU QTY"", commit as ""Commit"", firm as ""Firm"", rev as ""Revenue"", test.wuprln as ""Prod. Line"", "
ESTATUS,CRITICAS,TEST,2,"ormatp as ""MT"", ormmdl as ""Model"", physical.wunmbr as ""WU OP"", physical.wuopst as ""WU Status"", PREIND AS ""Preload"", physical.wumfgn as ""MFG #"", physical.wuworn as ""Order"", test.wucell as ""Test Cell"", "
ESTATUS,CRITICAS,TEST,3,CASE 
ESTATUS,CRITICAS,TEST,4,WHEN (physical.wunmbr = '0450') THEN 'KITTING' WHEN (physical.wunmbr = '0500') THEN 'BUILD' WHEN (physical.wunmbr = '0600') THEN 'RACK MERGE' 
ESTATUS,CRITICAS,TEST,5,WHEN (physical.wunmbr = '0970') THEN 'COMPLETED' WHEN (physical.wunmbr = '0850') THEN 'COMPLETED' WHEN (physical.wunmbr = 'VI20') THEN 'COMPLETED' WHEN (physical.wunmbr = 'VI25') THEN 'COMPLETED'  WHEN (physical.wunmbr = 'QIAF') THEN 'COMPLETED'
ESTATUS,CRITICAS,TEST,6,WHEN (physical.wunmbr = 'HP20') THEN 'HIPOT' WHEN (physical.wunmbr = '0803') THEN 'CAPTIVES' WHEN (physical.wunmbr = '0805') THEN 'CAPTIVES' WHEN (physical.wunmbr = '0650') THEN 'CABLING'  WHEN (physical.wunmbr = '463') THEN 'CSC' 
ESTATUS,CRITICAS,TEST,7,ELSE STATUS 
ESTATUS,CRITICAS,TEST,8,"END AS ""Status"", "
ESTATUS,CRITICAS,TEST,9,"test.wunmbr as ""TL OP"", STEP as ""Step"", TCO, commentc as ""Comment"", ettcd as ""ETTC"""
ESTATUS,CRITICAS,TEST,10,FROM qryq.MFSGWU10_GRC physical 
ESTATUS,CRITICAS,TEST,11,INNER JOIN qryq.MFSGWU10_GRC test on physical.wumfgn = test.wumfgn and physical.WUWORN = test.wuworn and test.wuwtyp = 'X'  
ESTATUS,CRITICAS,TEST,12,INNER join qryq.MFSGOR10_GRC on physical.wumfgn = ormfgn AND physical.wuWORN = orORNO 
ESTATUS,CRITICAS,TEST,13,INNER JOIN QRYQ.MFSGTL10_GRC ON physical.WUMFGN = TLMFGN 
ESTATUS,CRITICAS,TEST,14,FULL OUTER join idmq.siidmtool_IDMOUT1970_urc on physical.wumfgn = mfgn 
ESTATUS,CRITICAS,TEST,15,WHERE physical.WUMCTL IN (SELECT ORMCTL FROM QRYQ.MFSGOR10_GRC WHERE ORCECI = 'Y') 
ESTATUS,CRITICAS,TEST,16,"and physical.wuidss in ('0000','IPRC')  and ormatp not in ('3952')  and test.wucell not like 'RCH%' "
ESTATUS,CRITICAS,TEST,17,and orceci = 'Y' and physical.wumfgn not like 'IPR%' 
ESTATUS,SYSTEM,TEST,1,"select distinct physical.wuschd as ""Ship Date"", TLCTRY as ""Country"", custname as ""Customer Name"", physical.wutwrc as ""WU QTY"", commit as ""Commit"", firm as ""Firm"", rev as ""Revenue"", test.wuprln as ""Prod. Line"", "
ESTATUS,SYSTEM,TEST,2,"ormatp as ""MT"", ormmdl as ""Model"", physical.wunmbr as ""WU OP"", physical.wuopst as ""WU Status"", PREIND AS ""Preload"", physical.wumfgn as ""MFG #"", physical.wuworn as ""Order"", test.wucell as ""Test Cell"", "
ESTATUS,SYSTEM,TEST,3,CASE 
ESTATUS,SYSTEM,TEST,4,WHEN (physical.wunmbr = '0450') THEN 'KITTING' WHEN (physical.wunmbr = '0500') THEN 'BUILD' WHEN (physical.wunmbr = '0600') THEN 'RACK MERGE' 
ESTATUS,SYSTEM,TEST,5,WHEN (physical.wunmbr = '0970') THEN 'COMPLETED' WHEN (physical.wunmbr = '0850') THEN 'COMPLETED' WHEN (physical.wunmbr = 'VI20') THEN 'COMPLETED' WHEN (physical.wunmbr = 'VI25') THEN 'COMPLETED'  WHEN (physical.wunmbr = 'QIAF') THEN 'COMPLETED'
ESTATUS,SYSTEM,TEST,6,WHEN (physical.wunmbr = 'HP20') THEN 'HIPOT' WHEN (physical.wunmbr = '0803') THEN 'CAPTIVES' WHEN (physical.wunmbr = '0805') THEN 'CAPTIVES' WHEN (physical.wunmbr = '0650') THEN 'CABLING'  WHEN (physical.wunmbr = '463') THEN 'CSC' 
ESTATUS,SYSTEM,TEST,7,ELSE STATUS 
ESTATUS,SYSTEM,TEST,8,"END AS ""Status"", "
ESTATUS,SYSTEM,TEST,9,"test.wunmbr as ""TL OP"", STEP as ""Step"", TCO, commentc as ""Comment"", ettcd as ""ETTC"""
ESTATUS,SYSTEM,TEST,10,FROM qryq.MFSGWU10_GRC physical 
ESTATUS,SYSTEM,TEST,11,INNER JOIN qryq.MFSGWU10_GRC test on physical.wumfgn = test.wumfgn and physical.WUWORN = test.wuworn and test.wuwtyp = 'X'  
ESTATUS,SYSTEM,TEST,12,INNER join qryq.MFSGOR10_GRC on physical.wumfgn = ormfgn AND physical.wuWORN = orORNO 
ESTATUS,SYSTEM,TEST,13,INNER JOIN QRYQ.MFSGTL10_GRC ON physical.WUMFGN = TLMFGN 
ESTATUS,SYSTEM,TEST,14,FULL OUTER join idmq.siidmtool_IDMOUT1970_urc on physical.wumfgn = mfgn 
ESTATUS,SYSTEM,TEST,15,WHERE physical.WUMCTL IN (SELECT ORMCTL FROM QRYQ.MFSGOR10_GRC WHERE ORCECI = 'Y') 
ESTATUS,SYSTEM,TEST,16,"and physical.wuidss in ('0000','IPRC')  and ormatp not in ('3952')  and test.wucell not like 'RCH%' "
ESTATUS,SYSTEM,TEST,17,and orceci = 'Y' and physical.wumfgn not like 'IPR%' 
SUMARIO,GENERAL,TEST,1,"select distinct physical.wuschd as ""Ship Date"", TLCTRY as ""Country"", custname as ""Customer Name"", physical.wutwrc as ""WU QTY"", commit as ""Commit"", firm as ""Firm"", rev as ""Revenue"", test.wuprln as ""Prod. Line"", "
SUMARIO,GENERAL,TEST,2,"ormatp as ""MT"", ormmdl as ""Model"", physical.wunmbr as ""WU OP"", physical.wuopst as ""WU Status"", PREIND AS ""Preload"", physical.wumfgn as ""MFG #"", physical.wuworn as ""Order"", test.wucell as ""Test Cell"", "
SUMARIO,GENERAL,TEST,3,CASE 
SUMARIO,GENERAL,TEST,4,WHEN (physical.wunmbr = '0450') THEN 'KITTING' WHEN (physical.wunmbr = '0500') THEN 'BUILD' WHEN (physical.wunmbr = '0600') THEN 'RACK MERGE' 
SUMARIO,GENERAL,TEST,5,WHEN (physical.wunmbr = '0970') THEN 'COMPLETED' WHEN (physical.wunmbr = '0850') THEN 'COMPLETED' WHEN (physical.wunmbr = 'VI20') THEN 'COMPLETED' WHEN (physical.wunmbr = 'VI25') THEN 'COMPLETED'  WHEN (physical.wunmbr = 'QIAF') THEN 'COMPLETED'
SUMARIO,GENERAL,TEST,6,WHEN (physical.wunmbr = 'HP20') THEN 'HIPOT' WHEN (physical.wunmbr = '0803') THEN 'CAPTIVES' WHEN (physical.wunmbr = '0805') THEN 'CAPTIVES' WHEN (physical.wunmbr = '0650') THEN 'CABLING'  WHEN (physical.wunmbr = '463') THEN 'CSC'
SUMARIO,GENERAL,TEST,7,ELSE STATUS 
SUMARIO,GENERAL,TEST,8,"END AS ""Status"","
SUMARIO,GENERAL,TEST,9,"test.wunmbr as ""TL OP"", STEP as ""Step"", TCO, commentc as ""Comment"", ettcd as ""ETTC"""
SUMARIO,GENERAL,TEST,10,FROM qryq.MFSGWU10_GRC physical 
SUMARIO,GENERAL,TEST,11,INNER JOIN qryq.MFSGWU10_GRC test on physical.wumfgn = test.wumfgn and physical.WUWORN = test.wuworn and test.wuwtyp = 'X'  
SUMARIO,GENERAL,TEST,12,INNER join qryq.MFSGOR10_GRC on physical.wumfgn = ormfgn AND physical.wuWORN = orORNO 
SUMARIO,GENERAL,TEST,13,INNER JOIN QRYQ.MFSGTL10_GRC ON physical.WUMFGN = TLMFGN 
SUMARIO,GENERAL,TEST,14,FULL OUTER join idmq.siidmtool_IDMOUT1970_urc on physical.wumfgn = mfgn 
SUMARIO,GENERAL,TEST,15,WHERE physical.WUMCTL IN (SELECT ORMCTL FROM QRYQ.MFSGOR10_GRC WHERE ORCECI = 'Y') 
SUMARIO,GENERAL,TEST,16,"and physical.wuidss in ('0000','IPRC')  and ormatp not in ('3952')  and test.wucell not like 'RCH%' "
SUMARIO,GENERAL,TEST,17,and ((physical.wunmbr = 'TEST' and physical.wuopst = 'A') or (physical.wunmbr = '0805' or physical.wunmbr = '0803' or physical.wunmbr = 'HP20' or physical.wunmbr = '463') or (physical.wunmbr = '0850' and physical.wuopst = 'W'))
SUMARIO,GENERAL,TEST,18,and orceci = 'Y' and physical.wumfgn not like 'IPR%' 
SUMARIO,BRAZOS,TEST,1,"select distinct physical.wuschd as ""Ship Date"", TLCTRY as ""Country"", custname as ""Customer Name"", physical.wutwrc as ""WU QTY"", commit as ""Commit"", firm as ""Firm"", rev as ""Revenue"", test.wuprln as ""Prod. Line"", "
SUMARIO,BRAZOS,TEST,2,"ormatp as ""MT"", ormmdl as ""Model"", physical.wunmbr as ""WU OP"", physical.wuopst as ""WU Status"", PREIND AS ""Preload"", physical.wumfgn as ""MFG #"", physical.wuworn as ""Order"", test.wucell as ""Test Cell"", "
SUMARIO,BRAZOS,TEST,3,CASE 
SUMARIO,BRAZOS,TEST,4,WHEN (physical.wunmbr = '0450') THEN 'KITTING' WHEN (physical.wunmbr = '0500') THEN 'BUILD' WHEN (physical.wunmbr = '0600') THEN 'RACK MERGE' 
SUMARIO,BRAZOS,TEST,5,WHEN (physical.wunmbr = '0970') THEN 'COMPLETED' WHEN (physical.wunmbr = '0850') THEN 'COMPLETED' WHEN (physical.wunmbr = 'VI20') THEN 'COMPLETED' WHEN (physical.wunmbr = 'VI25') THEN 'COMPLETED'  WHEN (physical.wunmbr = 'QIAF') THEN 'COMPLETED'
SUMARIO,BRAZOS,TEST,6,WHEN (physical.wunmbr = 'HP20') THEN 'HIPOT' WHEN (physical.wunmbr = '0803') THEN 'CAPTIVES' WHEN (physical.wunmbr = '0805') THEN 'CAPTIVES' WHEN (physical.wunmbr = '0650') THEN 'CABLING'  WHEN (physical.wunmbr = '463') THEN 'CSC'
SUMARIO,BRAZOS,TEST,7,ELSE STATUS 
SUMARIO,BRAZOS,TEST,8,"END AS ""Status"","
SUMARIO,BRAZOS,TEST,9,"test.wunmbr as ""TL OP"", STEP as ""Step"", TCO, commentc as ""Comment"", ettcd as ""ETTC"""
SUMARIO,BRAZOS,TEST,10,FROM qryq.MFSGWU10_GRC physical 
SUMARIO,BRAZOS,TEST,11,INNER JOIN qryq.MFSGWU10_GRC test on physical.wumfgn = test.wumfgn and physical.WUWORN = test.wuworn and test.wuwtyp = 'X'  
SUMARIO,BRAZOS,TEST,12,INNER join qryq.MFSGOR10_GRC on physical.wumfgn = ormfgn AND physical.wuWORN = orORNO 
SUMARIO,BRAZOS,TEST,13,INNER JOIN QRYQ.MFSGTL10_GRC ON physical.WUMFGN = TLMFGN 
SUMARIO,BRAZOS,TEST,14,FULL OUTER join idmq.siidmtool_IDMOUT1970_urc on physical.wumfgn = mfgn 
SUMARIO,BRAZOS,TEST,15,WHERE physical.WUMCTL IN (SELECT ORMCTL FROM QRYQ.MFSGOR10_GRC WHERE ORCECI = 'Y') 
SUMARIO,BRAZOS,TEST,16,"and physical.wuidss in ('0000','IPRC')  and ormatp not in ('3952')  and test.wucell not like 'RCH%' "
SUMARIO,BRAZOS,TEST,17,and ((physical.wunmbr = 'TEST' and physical.wuopst = 'A') or (physical.wunmbr = '0805' or physical.wunmbr = '0803' or physical.wunmbr = 'HP20' or physical.wunmbr = '463') or (physical.wunmbr = '0850' and physical.wuopst = 'W'))
SUMARIO,BRAZOS,TEST,18,and orceci = 'Y' and physical.wumfgn not like 'IPR%' 
SUMARIO,BRAZOS,TEST,19,"and ormatp in ('9117', '9080', '9119', '9179')"
SUMARIO,ALPINE,TEST,1,"select distinct physical.wuschd as ""Ship Date"", TLCTRY as ""Country"", custname as ""Customer Name"", physical.wutwrc as ""WU QTY"", commit as ""Commit"", firm as ""Firm"", rev as ""Revenue"", test.wuprln as ""Prod. Line"", "
SUMARIO,ALPINE,TEST,2,"ormatp as ""MT"", ormmdl as ""Model"", physical.wunmbr as ""WU OP"", physical.wuopst as ""WU Status"", PREIND AS ""Preload"", physical.wumfgn as ""MFG #"", physical.wuworn as ""Order"", test.wucell as ""Test Cell"", "
SUMARIO,ALPINE,TEST,3,CASE 
SUMARIO,ALPINE,TEST,4,WHEN (physical.wunmbr = '0450') THEN 'KITTING' WHEN (physical.wunmbr = '0500') THEN 'BUILD' WHEN (physical.wunmbr = '0600') THEN 'RACK MERGE' 
SUMARIO,ALPINE,TEST,5,WHEN (physical.wunmbr = '0970') THEN 'COMPLETED' WHEN (physical.wunmbr = '0850') THEN 'COMPLETED' WHEN (physical.wunmbr = 'VI20') THEN 'COMPLETED' WHEN (physical.wunmbr = 'VI25') THEN 'COMPLETED'  WHEN (physical.wunmbr = 'QIAF') THEN 'COMPLETED'
SUMARIO,ALPINE,TEST,6,WHEN (physical.wunmbr = 'HP20') THEN 'HIPOT' WHEN (physical.wunmbr = '0803') THEN 'CAPTIVES' WHEN (physical.wunmbr = '0805') THEN 'CAPTIVES' WHEN (physical.wunmbr = '0650') THEN 'CABLING'  WHEN (physical.wunmbr = '463') THEN 'CSC'
SUMARIO,ALPINE,TEST,7,ELSE STATUS 
SUMARIO,ALPINE,TEST,8,"END AS ""Status"","
SUMARIO,ALPINE,TEST,9,"test.wunmbr as ""TL OP"", STEP as ""Step"", TCO, commentc as ""Comment"", ettcd as ""ETTC"""
SUMARIO,ALPINE,TEST,10,FROM qryq.MFSGWU10_GRC physical 
SUMARIO,ALPINE,TEST,11,INNER JOIN qryq.MFSGWU10_GRC test on physical.wumfgn = test.wumfgn and physical.WUWORN = test.wuworn and test.wuwtyp = 'X'  
SUMARIO,ALPINE,TEST,12,INNER join qryq.MFSGOR10_GRC on physical.wumfgn = ormfgn AND physical.wuWORN = orORNO 
SUMARIO,ALPINE,TEST,13,INNER JOIN QRYQ.MFSGTL10_GRC ON physical.WUMFGN = TLMFGN 
SUMARIO,ALPINE,TEST,14,FULL OUTER join idmq.siidmtool_IDMOUT1970_urc on physical.wumfgn = mfgn 
SUMARIO,ALPINE,TEST,15,WHERE physical.WUMCTL IN (SELECT ORMCTL FROM QRYQ.MFSGOR10_GRC WHERE ORCECI = 'Y') 
SUMARIO,ALPINE,TEST,16,"and physical.wuidss in ('0000','IPRC')  and ormatp not in ('3952')  and test.wucell not like 'RCH%' "
SUMARIO,ALPINE,TEST,17,and ((physical.wunmbr = 'TEST' and physical.wuopst = 'A') or (physical.wunmbr = '0805' or physical.wunmbr = '0803' or physical.wunmbr = 'HP20' or physical.wunmbr = '463') or (physical.wunmbr = '0850' and physical.wuopst = 'W'))
SUMARIO,ALPINE,TEST,18,and orceci = 'Y' and physical.wumfgn not like 'IPR%' 
SUMARIO,ALPINE,TEST,19,and ormatp in ('8408')
SUMARIO,ZZ,TEST,1,"select distinct physical.wuschd as ""Ship Date"", TLCTRY as ""Country"", custname as ""Customer Name"", physical.wutwrc as ""WU QTY"", commit as ""Commit"", firm as ""Firm"", rev as ""Revenue"", test.wuprln as ""Prod. Line"", "
SUMARIO,ZZ,TEST,2,"ormatp as ""MT"", ormmdl as ""Model"", physical.wunmbr as ""WU OP"", physical.wuopst as ""WU Status"", PREIND AS ""Preload"", physical.wumfgn as ""MFG #"", physical.wuworn as ""Order"", test.wucell as ""Test Cell"", "
SUMARIO,ZZ,TEST,3,CASE 
SUMARIO,ZZ,TEST,4,WHEN (physical.wunmbr = '0450') THEN 'KITTING' WHEN (physical.wunmbr = '0500') THEN 'BUILD' WHEN (physical.wunmbr = '0600') THEN 'RACK MERGE' 
SUMARIO,ZZ,TEST,5,WHEN (physical.wunmbr = '0970') THEN 'COMPLETED' WHEN (physical.wunmbr = '0850') THEN 'COMPLETED' WHEN (physical.wunmbr = 'VI20') THEN 'COMPLETED' WHEN (physical.wunmbr = 'VI25') THEN 'COMPLETED'  WHEN (physical.wunmbr = 'QIAF') THEN 'COMPLETED'
SUMARIO,ZZ,TEST,6,WHEN (physical.wunmbr = 'HP20') THEN 'HIPOT' WHEN (physical.wunmbr = '0803') THEN 'CAPTIVES' WHEN (physical.wunmbr = '0805') THEN 'CAPTIVES' WHEN (physical.wunmbr = '0650') THEN 'CABLING'  WHEN (physical.wunmbr = '463') THEN 'CSC'
SUMARIO,ZZ,TEST,7,ELSE STATUS 
SUMARIO,ZZ,TEST,8,"END AS ""Status"","
SUMARIO,ZZ,TEST,9,"test.wunmbr as ""TL OP"", STEP as ""Step"", TCO, commentc as ""Comment"", ettcd as ""ETTC"""
SUMARIO,ZZ,TEST,10,FROM qryq.MFSGWU10_GRC physical 
SUMARIO,ZZ,TEST,11,INNER JOIN qryq.MFSGWU10_GRC test on physical.wumfgn = test.wumfgn and physical.WUWORN = test.wuworn and test.wuwtyp = 'X'  
SUMARIO,ZZ,TEST,12,INNER join qryq.MFSGOR10_GRC on physical.wumfgn = ormfgn AND physical.wuWORN = orORNO 
SUMARIO,ZZ,TEST,13,INNER JOIN QRYQ.MFSGTL10_GRC ON physical.WUMFGN = TLMFGN 
SUMARIO,ZZ,TEST,14,FULL OUTER join idmq.siidmtool_IDMOUT1970_urc on physical.wumfgn = mfgn 
SUMARIO,ZZ,TEST,15,WHERE physical.WUMCTL IN (SELECT ORMCTL FROM QRYQ.MFSGOR10_GRC WHERE ORCECI = 'Y') 
SUMARIO,ZZ,TEST,16,"and physical.wuidss in ('0000','IPRC')  and ormatp not in ('3952')  and test.wucell not like 'RCH%' "
SUMARIO,ZZ,TEST,17,and ((physical.wunmbr = 'TEST' and physical.wuopst = 'A') or (physical.wunmbr = '0805' or physical.wunmbr = '0803' or physical.wunmbr = 'HP20' or physical.wunmbr = '463') or (physical.wunmbr = '0850' and physical.wuopst = 'W'))
SUMARIO,ZZ,TEST,18,and orceci = 'Y' and physical.wumfgn not like 'IPR%' 
SUMARIO,ZZ,TEST,19,"and ormatp in ('9008', '9009', '9010', '9011', '9223')"
SUMARIO,TULETA,TEST,1,"select distinct physical.wuschd as ""Ship Date"", TLCTRY as ""Country"", custname as ""Customer Name"", physical.wutwrc as ""WU QTY"", commit as ""Commit"", firm as ""Firm"", rev as ""Revenue"", test.wuprln as ""Prod. Line"", "
SUMARIO,TULETA,TEST,2,"ormatp as ""MT"", ormmdl as ""Model"", physical.wunmbr as ""WU OP"", physical.wuopst as ""WU Status"", PREIND AS ""Preload"", physical.wumfgn as ""MFG #"", physical.wuworn as ""Order"", test.wucell as ""Test Cell"", "
SUMARIO,TULETA,TEST,3,CASE 
SUMARIO,TULETA,TEST,4,WHEN (physical.wunmbr = '0450') THEN 'KITTING' WHEN (physical.wunmbr = '0500') THEN 'BUILD' WHEN (physical.wunmbr = '0600') THEN 'RACK MERGE' 
SUMARIO,TULETA,TEST,5,WHEN (physical.wunmbr = '0970') THEN 'COMPLETED' WHEN (physical.wunmbr = '0850') THEN 'COMPLETED' WHEN (physical.wunmbr = 'VI20') THEN 'COMPLETED' WHEN (physical.wunmbr = 'VI25') THEN 'COMPLETED'  WHEN (physical.wunmbr = 'QIAF') THEN 'COMPLETED'
SUMARIO,TULETA,TEST,6,WHEN (physical.wunmbr = 'HP20') THEN 'HIPOT' WHEN (physical.wunmbr = '0803') THEN 'CAPTIVES' WHEN (physical.wunmbr = '0805') THEN 'CAPTIVES' WHEN (physical.wunmbr = '0650') THEN 'CABLING'  WHEN (physical.wunmbr = '463') THEN 'CSC'
SUMARIO,TULETA,TEST,7,ELSE STATUS 
SUMARIO,TULETA,TEST,8,"END AS ""Status"","
SUMARIO,TULETA,TEST,9,"test.wunmbr as ""TL OP"", STEP as ""Step"", TCO, commentc as ""Comment"", ettcd as ""ETTC"""
SUMARIO,TULETA,TEST,10,FROM qryq.MFSGWU10_GRC physical 
SUMARIO,TULETA,TEST,11,INNER JOIN qryq.MFSGWU10_GRC test on physical.wumfgn = test.wumfgn and physical.WUWORN = test.wuworn and test.wuwtyp = 'X'  
SUMARIO,TULETA,TEST,12,INNER join qryq.MFSGOR10_GRC on physical.wumfgn = ormfgn AND physical.wuWORN = orORNO 
SUMARIO,TULETA,TEST,13,INNER JOIN QRYQ.MFSGTL10_GRC ON physical.WUMFGN = TLMFGN 
SUMARIO,TULETA,TEST,14,FULL OUTER join idmq.siidmtool_IDMOUT1970_urc on physical.wumfgn = mfgn 
SUMARIO,TULETA,TEST,15,WHERE physical.WUMCTL IN (SELECT ORMCTL FROM QRYQ.MFSGOR10_GRC WHERE ORCECI = 'Y') 
SUMARIO,TULETA,TEST,16,"and physical.wuidss in ('0000','IPRC')  and ormatp not in ('3952')  and test.wucell not like 'RCH%' "
SUMARIO,TULETA,TEST,17,and ((physical.wunmbr = 'TEST' and physical.wuopst = 'A') or (physical.wunmbr = '0805' or physical.wunmbr = '0803' or physical.wunmbr = 'HP20' or physical.wunmbr = '463') or (physical.wunmbr = '0850' and physical.wuopst = 'W'))
SUMARIO,TULETA,TEST,18,and orceci = 'Y' and physical.wumfgn not like 'IPR%' 
SUMARIO,TULETA,TEST,19,"and ormatp in ('8286', '8284')"
SUMARIO,SOLUTION,TEST,1,"select distinct physical.wuschd as ""Ship Date"", TLCTRY as ""Country"", custname as ""Customer Name"", physical.wutwrc as ""WU QTY"", commit as ""Commit"", firm as ""Firm"", rev as ""Revenue"", test.wuprln as ""Prod. Line"", "
SUMARIO,SOLUTION,TEST,2,"ormatp as ""MT"", ormmdl as ""Model"", physical.wunmbr as ""WU OP"", physical.wuopst as ""WU Status"", PREIND AS ""Preload"", physical.wumfgn as ""MFG #"", physical.wuworn as ""Order"", test.wucell as ""Test Cell"", "
SUMARIO,SOLUTION,TEST,3,CASE 
SUMARIO,SOLUTION,TEST,4,WHEN (physical.wunmbr = '0450') THEN 'KITTING' WHEN (physical.wunmbr = '0500') THEN 'BUILD' WHEN (physical.wunmbr = '0600') THEN 'RACK MERGE' 
SUMARIO,SOLUTION,TEST,5,WHEN (physical.wunmbr = '0970') THEN 'COMPLETED' WHEN (physical.wunmbr = '0850') THEN 'COMPLETED' WHEN (physical.wunmbr = 'VI20') THEN 'COMPLETED' WHEN (physical.wunmbr = 'VI25') THEN 'COMPLETED'  WHEN (physical.wunmbr = 'QIAF') THEN 'COMPLETED'
SUMARIO,SOLUTION,TEST,6,WHEN (physical.wunmbr = 'HP20') THEN 'HIPOT' WHEN (physical.wunmbr = '0803') THEN 'CAPTIVES' WHEN (physical.wunmbr = '0805') THEN 'CAPTIVES' WHEN (physical.wunmbr = '0650') THEN 'CABLING'  WHEN (physical.wunmbr = '463') THEN 'CSC'
SUMARIO,SOLUTION,TEST,7,ELSE STATUS 
SUMARIO,SOLUTION,TEST,8,"END AS ""Status"","
SUMARIO,SOLUTION,TEST,9,"test.wunmbr as ""TL OP"", STEP as ""Step"", TCO, commentc as ""Comment"", ettcd as ""ETTC"""
SUMARIO,SOLUTION,TEST,10,FROM qryq.MFSGWU10_GRC physical 
SUMARIO,SOLUTION,TEST,11,INNER JOIN qryq.MFSGWU10_GRC test on physical.wumfgn = test.wumfgn and physical.WUWORN = test.wuworn and test.wuwtyp = 'X'  
SUMARIO,SOLUTION,TEST,12,INNER join qryq.MFSGOR10_GRC on physical.wumfgn = ormfgn AND physical.wuWORN = orORNO 
SUMARIO,SOLUTION,TEST,13,INNER JOIN QRYQ.MFSGTL10_GRC ON physical.WUMFGN = TLMFGN 
SUMARIO,SOLUTION,TEST,14,FULL OUTER join idmq.siidmtool_IDMOUT1970_urc on physical.wumfgn = mfgn 
SUMARIO,SOLUTION,TEST,15,WHERE physical.WUMCTL IN (SELECT ORMCTL FROM QRYQ.MFSGOR10_GRC WHERE ORCECI = 'Y') 
SUMARIO,SOLUTION,TEST,16,"and physical.wuidss in ('0000','IPRC')  and ormatp not in ('3952')  and test.wucell not like 'RCH%' "
SUMARIO,SOLUTION,TEST,17,and ((physical.wunmbr = 'TEST' and physical.wuopst = 'A') or (physical.wunmbr = '0805' or physical.wunmbr = '0803' or physical.wunmbr = 'HP20' or physical.wunmbr = '463') or (physical.wunmbr = '0850' and physical.wuopst = 'W'))
SUMARIO,SOLUTION,TEST,18,and orceci = 'Y' and physical.wumfgn not like 'IPR%' 
SUMARIO,SOLUTION,TEST,19,"and ormatp in ('5148', '8247', '5104')"
SUMARIO,WITHERSPOON,TEST,1,"select distinct physical.wuschd as ""Ship Date"", TLCTRY as ""Country"", custname as ""Customer Name"", physical.wutwrc as ""WU QTY"", commit as ""Commit"", firm as ""Firm"", rev as ""Revenue"", test.wuprln as ""Prod. Line"", "
SUMARIO,WITHERSPOON,TEST,2,"ormatp as ""MT"", ormmdl as ""Model"", physical.wunmbr as ""WU OP"", physical.wuopst as ""WU Status"", PREIND AS ""Preload"", physical.wumfgn as ""MFG #"", physical.wuworn as ""Order"", test.wucell as ""Test Cell"", "
SUMARIO,WITHERSPOON,TEST,3,CASE 
SUMARIO,WITHERSPOON,TEST,4,WHEN (physical.wunmbr = '0450') THEN 'KITTING' WHEN (physical.wunmbr = '0500') THEN 'BUILD' WHEN (physical.wunmbr = '0600') THEN 'RACK MERGE' 
SUMARIO,WITHERSPOON,TEST,5,WHEN (physical.wunmbr = '0970') THEN 'COMPLETED' WHEN (physical.wunmbr = '0850') THEN 'COMPLETED' WHEN (physical.wunmbr = 'VI20') THEN 'COMPLETED' WHEN (physical.wunmbr = 'VI25') THEN 'COMPLETED'  WHEN (physical.wunmbr = 'QIAF') THEN 'COMPLETED'
SUMARIO,WITHERSPOON,TEST,6,WHEN (physical.wunmbr = 'HP20') THEN 'HIPOT' WHEN (physical.wunmbr = '0803') THEN 'CAPTIVES' WHEN (physical.wunmbr = '0805') THEN 'CAPTIVES' WHEN (physical.wunmbr = '0650') THEN 'CABLING'  WHEN (physical.wunmbr = '463') THEN 'CSC'
SUMARIO,WITHERSPOON,TEST,7,ELSE STATUS 
SUMARIO,WITHERSPOON,TEST,8,"END AS ""Status"","
SUMARIO,WITHERSPOON,TEST,9,"test.wunmbr as ""TL OP"", STEP as ""Step"", TCO, commentc as ""Comment"", ettcd as ""ETTC"""
SUMARIO,WITHERSPOON,TEST,10,FROM qryq.MFSGWU10_GRC physical 
SUMARIO,WITHERSPOON,TEST,11,INNER JOIN qryq.MFSGWU10_GRC test on physical.wumfgn = test.wumfgn and physical.WUWORN = test.wuworn and test.wuwtyp = 'X'  
SUMARIO,WITHERSPOON,TEST,12,INNER join qryq.MFSGOR10_GRC on physical.wumfgn = ormfgn AND physical.wuWORN = orORNO 
SUMARIO,WITHERSPOON,TEST,13,INNER JOIN QRYQ.MFSGTL10_GRC ON physical.WUMFGN = TLMFGN 
SUMARIO,WITHERSPOON,TEST,14,FULL OUTER join idmq.siidmtool_IDMOUT1970_urc on physical.wumfgn = mfgn 
SUMARIO,WITHERSPOON,TEST,15,WHERE physical.WUMCTL IN (SELECT ORMCTL FROM QRYQ.MFSGOR10_GRC WHERE ORCECI = 'Y') 
SUMARIO,WITHERSPOON,TEST,16,"and physical.wuidss in ('0000','IPRC')  and ormatp not in ('3952')  and test.wucell not like 'RCH%' "
SUMARIO,WITHERSPOON,TEST,17,and ((physical.wunmbr = 'TEST' and physical.wuopst = 'A') or (physical.wunmbr = '0805' or physical.wunmbr = '0803' or physical.wunmbr = 'HP20' or physical.wunmbr = '463') or (physical.wunmbr = '0850' and physical.wuopst = 'W'))
SUMARIO,WITHERSPOON,TEST,18,and orceci = 'Y' and physical.wumfgn not like 'IPR%' 
SUMARIO,WITHERSPOON,TEST,19,and ormatp in ('8335')
SUMARIO,SHIP WINDOW,TEST,1,"select distinct physical.wuschd as ""Ship Date"", TLCTRY as ""Country"", custname as ""Customer Name"", physical.wutwrc as ""WU QTY"", commit as ""Commit"", firm as ""Firm"", rev as ""Revenue"", test.wuprln as ""Prod. Line"", "
SUMARIO,SHIP WINDOW,TEST,2,"ormatp as ""MT"", ormmdl as ""Model"", physical.wunmbr as ""WU OP"", physical.wuopst as ""WU Status"", PREIND AS ""Preload"", physical.wumfgn as ""MFG #"", physical.wuworn as ""Order"", test.wucell as ""Test Cell"", "
SUMARIO,SHIP WINDOW,TEST,3,CASE 
SUMARIO,SHIP WINDOW,TEST,4,WHEN (physical.wunmbr = '0450') THEN 'KITTING' WHEN (physical.wunmbr = '0500') THEN 'BUILD' WHEN (physical.wunmbr = '0600') THEN 'RACK MERGE' 
SUMARIO,SHIP WINDOW,TEST,5,WHEN (physical.wunmbr = '0970') THEN 'COMPLETED' WHEN (physical.wunmbr = '0850') THEN 'COMPLETED' WHEN (physical.wunmbr = 'VI20') THEN 'COMPLETED' WHEN (physical.wunmbr = 'VI25') THEN 'COMPLETED'  WHEN (physical.wunmbr = 'QIAF') THEN 'COMPLETED'
SUMARIO,SHIP WINDOW,TEST,6,WHEN (physical.wunmbr = 'HP20') THEN 'HIPOT' WHEN (physical.wunmbr = '0803') THEN 'CAPTIVES' WHEN (physical.wunmbr = '0805') THEN 'CAPTIVES' WHEN (physical.wunmbr = '0650') THEN 'CABLING'  WHEN (physical.wunmbr = '463') THEN 'CSC'
SUMARIO,SHIP WINDOW,TEST,7,ELSE STATUS 
SUMARIO,SHIP WINDOW,TEST,8,"END AS ""Status"","
SUMARIO,SHIP WINDOW,TEST,9,"test.wunmbr as ""TL OP"", STEP as ""Step"", TCO, commentc as ""Comment"", ettc  "
SUMARIO,SHIP WINDOW,TEST,10,FROM qryq.MFSGWU10_GRC physical 
SUMARIO,SHIP WINDOW,TEST,11,INNER JOIN qryq.MFSGWU10_GRC test on physical.wumfgn = test.wumfgn and physical.WUWORN = test.wuworn and test.wuwtyp = 'X'  
SUMARIO,SHIP WINDOW,TEST,12,INNER join qryq.MFSGOR10_GRC on physical.wumfgn = ormfgn AND physical.wuWORN = orORNO 
SUMARIO,SHIP WINDOW,TEST,13,INNER JOIN QRYQ.MFSGTL10_GRC ON physical.WUMFGN = TLMFGN 
SUMARIO,SHIP WINDOW,TEST,14,FULL OUTER join idmq.siidmtool_IDMOUT1970_urc on physical.wumfgn = mfgn 
SUMARIO,SHIP WINDOW,TEST,15,WHERE physical.WUMCTL IN (SELECT ORMCTL FROM QRYQ.MFSGOR10_GRC WHERE ORCECI = 'Y') 
SUMARIO,SHIP WINDOW,TEST,16,"and physical.wuidss in ('0000','IPRC')  and ormatp not in ('3952')  and test.wucell not like 'RCH%' "
SUMARIO,SHIP WINDOW,TEST,17,and ((physical.wunmbr = 'TEST' and physical.wuopst = 'A') or (physical.wunmbr = '0805' or physical.wunmbr = '0803' or physical.wunmbr = 'HP20' or physical.wunmbr = '463') or (physical.wunmbr = '0850' and physical.wuopst = 'W'))
SUMARIO,SHIP WINDOW,TEST,18,and orceci = 'Y' and physical.wumfgn not like 'IPR%' 
SUMARIO,SHIP WINDOW,TEST,19,and physical.wuschd between  CURRENT_DATE AND (CURRENT_DATE + 7 DAYS)
SUMARIO,TCO,TEST,1,"select distinct physical.wuschd as ""Ship Date"", TLCTRY as ""Country"", custname as ""Customer Name"", physical.wutwrc as ""WU QTY"", commit as ""Commit"", firm as ""Firm"", rev as ""Revenue"", test.wuprln as ""Prod. Line"", "
SUMARIO,TCO,TEST,2,"ormatp as ""MT"", ormmdl as ""Model"", physical.wunmbr as ""WU OP"", physical.wuopst as ""WU Status"", PREIND AS ""Preload"", physical.wumfgn as ""MFG #"", physical.wuworn as ""Order"", test.wucell as ""Test Cell"", "
SUMARIO,TCO,TEST,3,CASE 
SUMARIO,TCO,TEST,4,WHEN (physical.wunmbr = '0450') THEN 'KITTING' WHEN (physical.wunmbr = '0500') THEN 'BUILD' WHEN (physical.wunmbr = '0600') THEN 'RACK MERGE' 
SUMARIO,TCO,TEST,5,WHEN (physical.wunmbr = '0970') THEN 'COMPLETED' WHEN (physical.wunmbr = '0850') THEN 'COMPLETED' WHEN (physical.wunmbr = 'VI20') THEN 'COMPLETED' WHEN (physical.wunmbr = 'VI25') THEN 'COMPLETED'  WHEN (physical.wunmbr = 'QIAF') THEN 'COMPLETED'
SUMARIO,TCO,TEST,6,WHEN (physical.wunmbr = 'HP20') THEN 'HIPOT' WHEN (physical.wunmbr = '0803') THEN 'CAPTIVES' WHEN (physical.wunmbr = '0805') THEN 'CAPTIVES' WHEN (physical.wunmbr = '0650') THEN 'CABLING'  WHEN (physical.wunmbr = '463') THEN 'CSC'
SUMARIO,TCO,TEST,7,ELSE STATUS 
SUMARIO,TCO,TEST,8,"END AS ""Status"","
SUMARIO,TCO,TEST,9,"test.wunmbr as ""TL OP"", STEP as ""Step"", TCO, commentc as ""Comment"", ettcd as ""ETTC"""
SUMARIO,TCO,TEST,10,FROM qryq.MFSGWU10_GRC physical 
SUMARIO,TCO,TEST,11,INNER JOIN qryq.MFSGWU10_GRC test on physical.wumfgn = test.wumfgn and physical.WUWORN = test.wuworn and test.wuwtyp = 'X'  
SUMARIO,TCO,TEST,12,INNER join qryq.MFSGOR10_GRC on physical.wumfgn = ormfgn AND physical.wuWORN = orORNO 
SUMARIO,TCO,TEST,13,INNER JOIN QRYQ.MFSGTL10_GRC ON physical.WUMFGN = TLMFGN 
SUMARIO,TCO,TEST,14,FULL OUTER join idmq.siidmtool_IDMOUT1970_urc on physical.wumfgn = mfgn 
SUMARIO,TCO,TEST,15,WHERE physical.WUMCTL IN (SELECT ORMCTL FROM QRYQ.MFSGOR10_GRC WHERE ORCECI = 'Y') 
SUMARIO,TCO,TEST,16,"and physical.wuidss in ('0000','IPRC')  and ormatp not in ('3952')  and test.wucell not like 'RCH%' "
SUMARIO,TCO,TEST,17,and ((physical.wunmbr = 'TEST' and physical.wuopst = 'A') or (physical.wunmbr = '0805' or physical.wunmbr = '0803' or physical.wunmbr = 'HP20' or physical.wunmbr = '463') or (physical.wunmbr = '0850' and physical.wuopst = 'W'))
SUMARIO,TCO,TEST,18,and orceci = 'Y' and physical.wumfgn not like 'IPR%' 
SUMARIO,TCO,TEST,19,and TCODSP >= 20.00
SUMARIO,TOOL,TEST,1,"select distinct physical.wuschd as ""Ship Date"", TLCTRY as ""Country"", custname as ""Customer Name"", physical.wutwrc as ""WU QTY"", commit as ""Commit"", firm as ""Firm"", rev as ""Revenue"", test.wuprln as ""Prod. Line"", "
SUMARIO,TOOL,TEST,2,"ormatp as ""MT"", ormmdl as ""Model"", physical.wunmbr as ""WU OP"", physical.wuopst as ""WU Status"", PREIND AS ""Preload"", physical.wumfgn as ""MFG #"", physical.wuworn as ""Order"", test.wucell as ""Test Cell"", "
SUMARIO,TOOL,TEST,3,CASE 
SUMARIO,TOOL,TEST,4,WHEN (physical.wunmbr = '0450') THEN 'KITTING' WHEN (physical.wunmbr = '0500') THEN 'BUILD' WHEN (physical.wunmbr = '0600') THEN 'RACK MERGE' 
SUMARIO,TOOL,TEST,5,WHEN (physical.wunmbr = '0970') THEN 'COMPLETED' WHEN (physical.wunmbr = '0850') THEN 'COMPLETED' WHEN (physical.wunmbr = 'VI20') THEN 'COMPLETED' WHEN (physical.wunmbr = 'VI25') THEN 'COMPLETED'  WHEN (physical.wunmbr = 'QIAF') THEN 'COMPLETED'
SUMARIO,TOOL,TEST,6,WHEN (physical.wunmbr = 'HP20') THEN 'HIPOT' WHEN (physical.wunmbr = '0803') THEN 'CAPTIVES' WHEN (physical.wunmbr = '0805') THEN 'CAPTIVES' WHEN (physical.wunmbr = '0650') THEN 'CABLING'  WHEN (physical.wunmbr = '463') THEN 'CSC'
SUMARIO,TOOL,TEST,7,ELSE STATUS 
SUMARIO,TOOL,TEST,8,"END AS ""Status"","
SUMARIO,TOOL,TEST,9,"test.wunmbr as ""TL OP"", STEP as ""Step"", TCO, commentc as ""Comment"", ettcd as ""ETTC"""
SUMARIO,TOOL,TEST,10,FROM qryq.MFSGWU10_GRC physical 
SUMARIO,TOOL,TEST,11,INNER JOIN qryq.MFSGWU10_GRC test on physical.wumfgn = test.wumfgn and physical.WUWORN = test.wuworn and test.wuwtyp = 'X'  
SUMARIO,TOOL,TEST,12,INNER join qryq.MFSGOR10_GRC on physical.wumfgn = ormfgn AND physical.wuWORN = orORNO 
SUMARIO,TOOL,TEST,13,INNER JOIN QRYQ.MFSGTL10_GRC ON physical.WUMFGN = TLMFGN 
SUMARIO,TOOL,TEST,14,FULL OUTER join idmq.siidmtool_IDMOUT1970_urc on physical.wumfgn = mfgn 
SUMARIO,TOOL,TEST,15,WHERE physical.WUMCTL IN (SELECT ORMCTL FROM QRYQ.MFSGOR10_GRC WHERE ORCECI = 'Y') 
SUMARIO,TOOL,TEST,16,"and physical.wuidss in ('0000','IPRC')  and ormatp not in ('3952')  and test.wucell not like 'RCH%' "
SUMARIO,TOOL,TEST,17,and ((physical.wunmbr = 'TEST' and physical.wuopst = 'A') or (physical.wunmbr = '0805' or physical.wunmbr = '0803' or physical.wunmbr = 'HP20' or physical.wunmbr = '463') or (physical.wunmbr = '0850' and physical.wuopst = 'W'))
SUMARIO,TOOL,TEST,18,and orceci = 'Y' and physical.wumfgn not like 'IPR%' 
SUMARIO,TOOL,TEST,19,and physical.wumfgn in (mfgn)
SUMARIO,LISTA,TEST,1,"select distinct physical.wuschd as ""Ship Date"", TLCTRY as ""Country"", custname as ""Customer Name"", physical.wutwrc as ""WU QTY"", commit as ""Commit"", firm as ""Firm"", rev as ""Revenue"", test.wuprln as ""Prod. Line"", "
SUMARIO,LISTA,TEST,2,"ormatp as ""MT"", ormmdl as ""Model"", physical.wunmbr as ""WU OP"", physical.wuopst as ""WU Status"", PREIND AS ""Preload"", physical.wumfgn as ""MFG #"", physical.wuworn as ""Order"", test.wucell as ""Test Cell"", "
SUMARIO,LISTA,TEST,3,CASE 
SUMARIO,LISTA,TEST,4,WHEN (physical.wunmbr = '0450') THEN 'KITTING' WHEN (physical.wunmbr = '0500') THEN 'BUILD' WHEN (physical.wunmbr = '0600') THEN 'RACK MERGE' 
SUMARIO,LISTA,TEST,5,WHEN (physical.wunmbr = '0970') THEN 'COMPLETED' WHEN (physical.wunmbr = '0850') THEN 'COMPLETED' WHEN (physical.wunmbr = 'VI20') THEN 'COMPLETED' WHEN (physical.wunmbr = 'VI25') THEN 'COMPLETED'  WHEN (physical.wunmbr = 'QIAF') THEN 'COMPLETED'
SUMARIO,LISTA,TEST,6,WHEN (physical.wunmbr = 'HP20') THEN 'HIPOT' WHEN (physical.wunmbr = '0803') THEN 'CAPTIVES' WHEN (physical.wunmbr = '0805') THEN 'CAPTIVES' WHEN (physical.wunmbr = '0650') THEN 'CABLING'  WHEN (physical.wunmbr = '463') THEN 'CSC' 
SUMARIO,LISTA,TEST,7,ELSE STATUS 
SUMARIO,LISTA,TEST,8,"END AS ""Status"", "
SUMARIO,LISTA,TEST,9,"test.wunmbr as ""TL OP"", STEP as ""Step"", TCO, commentc as ""Comment"", ettcd as ""ETTC"""
SUMARIO,LISTA,TEST,10,FROM qryq.MFSGWU10_GRC physical 
SUMARIO,LISTA,TEST,11,INNER JOIN qryq.MFSGWU10_GRC test on physical.wumfgn = test.wumfgn and physical.WUWORN = test.wuworn and test.wuwtyp = 'X'  
SUMARIO,LISTA,TEST,12,INNER join qryq.MFSGOR10_GRC on physical.wumfgn = ormfgn AND physical.wuWORN = orORNO 
SUMARIO,LISTA,TEST,13,INNER JOIN QRYQ.MFSGTL10_GRC ON physical.WUMFGN = TLMFGN 
SUMARIO,LISTA,TEST,14,FULL OUTER join idmq.siidmtool_IDMOUT1970_urc on physical.wumfgn = mfgn 
SUMARIO,LISTA,TEST,15,WHERE physical.WUMCTL IN (SELECT ORMCTL FROM QRYQ.MFSGOR10_GRC WHERE ORCECI = 'Y') 
SUMARIO,LISTA,TEST,16,"and physical.wuidss in ('0000','IPRC')  and ormatp not in ('3952')  and test.wucell not like 'RCH%' "
SUMARIO,LISTA,TEST,17,and orceci = 'Y' and physical.wumfgn not like 'IPR%' 
SUMARIO,CRITICAS,TEST,1,"select distinct physical.wuschd as ""Ship Date"", TLCTRY as ""Country"", custname as ""Customer Name"", physical.wutwrc as ""WU QTY"", commit as ""Commit"", firm as ""Firm"", rev as ""Revenue"", test.wuprln as ""Prod. Line"", "
SUMARIO,CRITICAS,TEST,2,"ormatp as ""MT"", ormmdl as ""Model"", physical.wunmbr as ""WU OP"", physical.wuopst as ""WU Status"", PREIND AS ""Preload"", physical.wumfgn as ""MFG #"", physical.wuworn as ""Order"", test.wucell as ""Test Cell"", "
SUMARIO,CRITICAS,TEST,3,CASE 
SUMARIO,CRITICAS,TEST,4,WHEN (physical.wunmbr = '0450') THEN 'KITTING' WHEN (physical.wunmbr = '0500') THEN 'BUILD' WHEN (physical.wunmbr = '0600') THEN 'RACK MERGE' 
SUMARIO,CRITICAS,TEST,5,WHEN (physical.wunmbr = '0970') THEN 'COMPLETED' WHEN (physical.wunmbr = '0850') THEN 'COMPLETED' WHEN (physical.wunmbr = 'VI20') THEN 'COMPLETED' WHEN (physical.wunmbr = 'VI25') THEN 'COMPLETED'  WHEN (physical.wunmbr = 'QIAF') THEN 'COMPLETED'
SUMARIO,CRITICAS,TEST,6,WHEN (physical.wunmbr = 'HP20') THEN 'HIPOT' WHEN (physical.wunmbr = '0803') THEN 'CAPTIVES' WHEN (physical.wunmbr = '0805') THEN 'CAPTIVES' WHEN (physical.wunmbr = '0650') THEN 'CABLING'  WHEN (physical.wunmbr = '463') THEN 'CSC' 
SUMARIO,CRITICAS,TEST,7,ELSE STATUS 
SUMARIO,CRITICAS,TEST,8,"END AS ""Status"", "
SUMARIO,CRITICAS,TEST,9,"test.wunmbr as ""TL OP"", STEP as ""Step"", TCO, commentc as ""Comment"", ettcd as ""ETTC"""
SUMARIO,CRITICAS,TEST,10,FROM qryq.MFSGWU10_GRC physical 
SUMARIO,CRITICAS,TEST,11,INNER JOIN qryq.MFSGWU10_GRC test on physical.wumfgn = test.wumfgn and physical.WUWORN = test.wuworn and test.wuwtyp = 'X'  
SUMARIO,CRITICAS,TEST,12,INNER join qryq.MFSGOR10_GRC on physical.wumfgn = ormfgn AND physical.wuWORN = orORNO 
SUMARIO,CRITICAS,TEST,13,INNER JOIN QRYQ.MFSGTL10_GRC ON physical.WUMFGN = TLMFGN 
SUMARIO,CRITICAS,TEST,14,FULL OUTER join idmq.siidmtool_IDMOUT1970_urc on physical.wumfgn = mfgn 
SUMARIO,CRITICAS,TEST,15,WHERE physical.WUMCTL IN (SELECT ORMCTL FROM QRYQ.MFSGOR10_GRC WHERE ORCECI = 'Y') 
SUMARIO,CRITICAS,TEST,16,"and physical.wuidss in ('0000','IPRC')  and ormatp not in ('3952')  and test.wucell not like 'RCH%' "
SUMARIO,CRITICAS,TEST,17,and orceci = 'Y' and physical.wumfgn not like 'IPR%' 
SUMARIO,SYSTEM,TEST,1,"select distinct physical.wuschd as ""Ship Date"", TLCTRY as ""Country"", custname as ""Customer Name"", physical.wutwrc as ""WU QTY"", commit as ""Commit"", firm as ""Firm"", rev as ""Revenue"", test.wuprln as ""Prod. Line"", "
SUMARIO,SYSTEM,TEST,2,"ormatp as ""MT"", ormmdl as ""Model"", physical.wunmbr as ""WU OP"", physical.wuopst as ""WU Status"", PREIND AS ""Preload"", physical.wumfgn as ""MFG #"", physical.wuworn as ""Order"", test.wucell as ""Test Cell"", "
SUMARIO,SYSTEM,TEST,3,CASE 
SUMARIO,SYSTEM,TEST,4,WHEN (physical.wunmbr = '0450') THEN 'KITTING' WHEN (physical.wunmbr = '0500') THEN 'BUILD' WHEN (physical.wunmbr = '0600') THEN 'RACK MERGE' 
SUMARIO,SYSTEM,TEST,5,WHEN (physical.wunmbr = '0970') THEN 'COMPLETED' WHEN (physical.wunmbr = '0850') THEN 'COMPLETED' WHEN (physical.wunmbr = 'VI20') THEN 'COMPLETED' WHEN (physical.wunmbr = 'VI25') THEN 'COMPLETED'  WHEN (physical.wunmbr = 'QIAF') THEN 'COMPLETED'
SUMARIO,SYSTEM,TEST,6,WHEN (physical.wunmbr = 'HP20') THEN 'HIPOT' WHEN (physical.wunmbr = '0803') THEN 'CAPTIVES' WHEN (physical.wunmbr = '0805') THEN 'CAPTIVES' WHEN (physical.wunmbr = '0650') THEN 'CABLING'  WHEN (physical.wunmbr = '463') THEN 'CSC' 
SUMARIO,SYSTEM,TEST,7,ELSE STATUS 
SUMARIO,SYSTEM,TEST,8,"END AS ""Status"", "
SUMARIO,SYSTEM,TEST,9,"test.wunmbr as ""TL OP"", STEP as ""Step"", TCO, commentc as ""Comment"", ettcd as ""ETTC"" "
SUMARIO,SYSTEM,TEST,10,FROM qryq.MFSGWU10_GRC physical 
SUMARIO,SYSTEM,TEST,11,INNER JOIN qryq.MFSGWU10_GRC test on physical.wumfgn = test.wumfgn and physical.WUWORN = test.wuworn and test.wuwtyp = 'X'  
SUMARIO,SYSTEM,TEST,12,INNER join qryq.MFSGOR10_GRC on physical.wumfgn = ormfgn AND physical.wuWORN = orORNO 
SUMARIO,SYSTEM,TEST,13,INNER JOIN QRYQ.MFSGTL10_GRC ON physical.WUMFGN = TLMFGN 
SUMARIO,SYSTEM,TEST,14,FULL OUTER join idmq.siidmtool_IDMOUT1970_urc on physical.wumfgn = mfgn 
SUMARIO,SYSTEM,TEST,15,WHERE physical.WUMCTL IN (SELECT ORMCTL FROM QRYQ.MFSGOR10_GRC WHERE ORCECI = 'Y') 
SUMARIO,SYSTEM,TEST,16,"and physical.wuidss in ('0000','IPRC')  and ormatp not in ('3952')  and test.wucell not like 'RCH%' "
SUMARIO,SYSTEM,TEST,17,and orceci = 'Y' and physical.wumfgn not like 'IPR%' 
ESTATUS,PN,MANUFACTURA,1,"SELECT CRITEM, CRCDES, CRIDSP, SUM(INTEGER(CRQNTY)) AS QTTY, CRMFGN, WUNMBR, WUOPST, CRMCTL,WUPROD,TLSAPS,CRNMBR,TLSCHD,CRINSQ FROM QRYQ.MFSGCR10_GRC "
ESTATUS,PN,MANUFACTURA,2,left outer JOIN QRYQ.MFSGWU10_GRC ON WUMCTL=CRMCTL 
ESTATUS,PN,MANUFACTURA,3,LEFT OUTER JOIN QRYQ.MFSGTL10_GRC ON TLMFGN = WUMFGN 
ESTATUS,PN,MANUFACTURA,4,"WHERE CRIDSS IN ('FCSI','0000','IPRC') "
ESTATUS,PN,MANUFACTURA,5,and TLCMAT in 
ESTATUS,PN,MANUFACTURA,6,"('1164','1457','1457','1611','1818','2076','2145','4534','4939','5104','5107','5146','5147','5148','5313','5372','7014','7042','7063','7120','7226','7316','7779','7895','7903','7916','7917','7953','7954','7955','7965','7989','8202','8203','8204','8205','8231','8233','8246','8247','8248','8278','8280','8283','8284','8286','8335','8348','8374','8406','8408','8412','8493','8536','8558','8564','8739','8828','8831','8956','9008','9009','9080','9109','9117','9119','9179','9223','9407','9840','9910')And TLPPRL not in ('THUNDERB','MES2145','9131IPR','ATLASCTO','MES2076','SVC CTO','ALLFLASH') "
ESTATUS,PN,MANUFACTURA,7,"AND TLCODS IN ('01','02','KR','07','08','QI','09') "
ESTATUS,PN,MANUFACTURA,8,"AND CRIDSP IN ('X','A') "
ESTATUS,PN,MANUFACTURA,9,AND CRITEM #1# 
ESTATUS,PN,MANUFACTURA,10,AND CRMFGN #2# 
ESTATUS,PN,MANUFACTURA,11," GROUP BY CRITEM, CRCDES, CRIDSP, CRMFGN, WUNMBR, WUOPST, CRMCTL, WUPROD,TLSAPS,CRNMBR,TLSCHD,CRINSQ "
