,Ship Date,Country,Customer Name,WU Qty,Classify,Revenue,Prod. Line,MT,OP #,Preload,MFG #,Order,TestCell,Status,Op,Step,TCO,ETTC Date
0,2018-03-21,DENMARK   ,,1,Commit-R,84394,ALPNPDQ ,8408,0450-S,,1AUBWR4,AD628P,        ,BUILD,,,,
1,2018-03-26,ITALY     ,COMPUTER GROSS ITALIA SPA,11,Commit-E,7000,1.8M RS ,9080,0500- ,,1AUC4R3,GY8MNX,        ,BUILD,,,,
2,2018-03-20,USA       ,,1,Commit-R,83182,ALPNPDQ ,8408,0450-S,,1AUEJZ9,888LLB,        ,BUILD,,,,
3,2018-03-26,RUSSIA    ,,1,Commit-R,84394,ALPNPDQ ,8408,0500- ,,1AUEL38,QE176H,        ,BUILD,,,,
4,2018-03-26,RUSSIA    ,,1,Commit-R,84394,ALPNPDQ ,8408,0500- ,,1AUEL39,QE176J,        ,BUILD,,,,
5,2018-03-26,RUSSIA    ,,1,Commit-R,84394,ALPNPDQ ,8408,0500- ,,1AUEL41,QE176G,        ,BUILD,,,,
6,2018-03-26,RUSSIA    ,,1,Commit-R,84394,ALPNPDQ ,8408,0500- ,,1AUEL42,QE176E,        ,BUILD,,,,
7,2018-02-13,RUSSIA    ,,1,,0,7315-HMC,7042,0970-C,,1AUEVZ4,QE19DR,        ,COMPLETED,,,,
8,2018-02-22,USA       ,,2,,0,TUL_2U  ,8284,0970-C,,1AUEU09,888VVM,        ,COMPLETED,,,,
9,2018-02-14,USA       ,,1,,0,TUL_TOWR,8286,0970-C,,1AUEUW9,4BFTVR,        ,COMPLETED,,,,
10,2018-02-20,USA       ,,1,,0,TUL_2U  ,8284,0970-C,,1AUEUE1,888VPZ,        ,COMPLETED,,,,
11,2018-01-04,USA       ,,2,,0,CORLBULK,8335,VI25-C,,BBB5ALW,$CS6WQ,        ,COMPLETED,,,,
12,2018-02-06,COLUMBIA  ,,1,,0,TUL_4U  ,8286,0970-C,,1AUEL28,888MSD,        ,COMPLETED,,,,
13,2018-02-06,COLUMBIA  ,,1,,0,7315-HMC,7042,0970-C,,1AUEL27,888MSM,        ,COMPLETED,,,,
14,2018-02-13,MALAWI    ,,1,,0,TUL_2U  ,8284,0970-C,,1AUC411,A1TP2J,        ,COMPLETED,,,,
15,2018-02-16,JAPAN     ,,1,,0,GARRISON,8335,0970-C,,1AUETW1,TL552Z,        ,COMPLETED,,,,
16,2018-03-20,INDIA     ,,1,Commit-E,23933,TUL_2U  ,8284,0970-C,,1AUEQN9,OL6PR6,        ,COMPLETED,,,,
17,2018-01-25,MEXICO    ,,1,,0,LLNLBULK,8335,TEST-A,,1AUCTA7,YMB3YJ,A1H20804,NEED TO CHECK,,,,
18,2018-02-28,USA       ,,1,,0,TUL_SOLN,5148,0463-W,,1AUEQG3,4BFNMJ,        ,NEED TO CHECK,,,,
19,2018-01-25,MEXICO    ,,1,,0,ORNLBULK,8335,LDUQ-W,,1AUCTA6,YMB3YH,        ,NEED TO CHECK,,,,
20,2018-01-25,MEXICO    ,,1,,0,ORNLBULK,8335,TEST-A,,1AUCTA3,YMB3YI,A1H20103,NEED TO CHECK,,,,
