ETTC update time: 2018-02-17 12.51.00 (Guadalajara time)
MFGN,Order,Model,MT,PRLN,Cell,Status,OP,STEP,PROGRAM,P,TC,CEC,Ship date,Country,tco,ettc,ettc date
1AT92C9,882MJQ,42A,8286,T_P8TULP,y156,RUNNING,T320,D335,stx,Y,01,,2018-03-20,895,015:02,12:30,2018-02-18   00:48,
1AUB4O6,YMB3YC,GTC,8335,T_OPWSPN,e153,HOLD,TVAL,0000,UNKNOWN,N,,,2017-12-21,781,988:06,HOLD,,
1AUB4O7,YMB3YB,GTC,8335,T_OPWSPN,e159,HOLD,TVAL,0000,UNKNOWN,N,,,2017-12-21,781,791:19,HOLD,,
1AUB4O8,YMB3YA,GTC,8335,T_OPWSPN,e110,HOLD,TVAL,0000,UNKNOWN,N,,,2017-12-21,781,000:32,HOLD,,
1AUB4O9,YMB3YD,GTC,8335,T_OPWSPN,e160,HOLD,R111,A010,setupins,N,,,2017-12-21,781,884:02,HOLD,,
1AUB4P1,YMB3YE,GTC,8335,T_OPWSPN,e151,HOLD,TVAL,0000,UNKNOWN,N,,,2017-12-21,781,988:34,HOLD,,
1AUB7V1,885MYW,41A,8286,T_P8TULI,z158,RUNNING,T111,A245,slicinst,Y,03,1,2018-03-26,USA,003:57,15:19,2018-02-18   03:07,
1AUC9I8,YKB0P5,42A,9009,T_P9ZZI,n411,HOLD,TVAL,0000,UNKNOWN,N,01,1,2018-01-25,USA,042:19,HOLD,,
1AUC9J2,YKB0P4,42A,9009,T_P9ZZI,n409,HOLD,R111,A480,idetest,N,01,1,2018-01-25,USA,047:24,HOLD,,
1AUCL75,YKB0ON,42A,9009,T_P9ZZP,n402,RUNNING,T310,C135,htx,N,01,1,2018-01-25,USA,017:40, NA.,,
1AUCMY2,YKB0OW,42A,9009,T_P9ZZI,n403,HOLD,R111,A480,idetest,N,01,1,2018-01-25,USA,051:08,HOLD,,
1AUCMY4,YKB0OX,42A,9009,T_P9ZZI,n410,HOLD,TVAL,0000,UNKNOWN,N,01,1,2018-01-25,USA,046:27,HOLD,,
1AUDGV8,A1TRFA,22A,8284,T_P8TULP,y165,RUNNING,T340,E765,stx,N,01,1,2018-03-26,GERMANY,015:42,01:48,2018-02-17   13:54,
1AUDGY1,A1TRGN,22A,8284,T_P8TULP,y163,RUNNING,T340,E765,stx,N,01,1,2018-03-26,GERMANY,015:44,01:49,2018-02-17   13:53,
1AUE0G3,A1U65X,MHE,9080,T_P8BRZP,a256,REWORK,R111,A235,chkerrl,Y,05,2,2018-03-20,S AFRICA,005:04,REWORK,,
1AUE0H5,A1U675,MHE,9080,T_P8BRZP,d204,RUNNING,T111,A062,nestedtc,N,,,2018-03-20,864,000:27, NA.,,
1AUE0H5,A1U67F,CR9,7042,T_HMC,d205,RUNNING,T111,A140,pxeboot,N,,,2018-03-20,864,000:18, NA.,,
1AUE0V1,A1U6G7,42A,8286,T_P8TULP,b208,RUNNING,T340,E065,stx,Y,01,1,2018-03-20,S AFRICA,010:36,08:38,2018-02-17   20:23,
1AUE0X9,A1U6HW,42A,8286,T_P8TULP,a203,RUNNING,T320,D915,stx,Y,01,1,2018-03-20,S AFRICA,010:42,08:57,2018-02-17   21:17,
1AUE0Y1,A1U6J6,42A,8286,T_P8TULP,b202,RUNNING,T320,D715,stx,Y,01,1,2018-03-20,S AFRICA,007:17,10:24,2018-02-17   22:26,
1AUE0Y5,A1U6JV,41A,8286,T_P8TULP,y151,HOLD,R111,A383,ipcfgchk,Y,01,1,2018-03-20,S AFRICA,011:57,HOLD,,
1AUE256,889BZY,22A,8284,T_P8TULP,c257,RUNNING,T320,D145,stx,N,01,1,2018-02-26,USA,004:07,12:51,2018-02-18   00:45,
1AUE256,889CBK,22A,8284,T_P8TULP,c258,RUNNING,T320,D145,stx,N,01,1,2018-02-26,USA,004:08,11:58,2018-02-18   00:16,
1AUE2B4,FH72Y5,22A,8284,T_P8TULP,z151,ATTN,TVAL,Q001,fileview,N,01,1,2018-02-26,U KINGDOM,014:51,00:28,2018-02-17   12:42,
1AUE2B5,JN711P,42A,8286,T_P8TULP,z159,RUNNING,T320,D335,stx,Y,01,1,2018-02-26,FINLAND,005:31,12:24,2018-02-18   00:43,
1AUE2B6,JN711M,42A,8286,T_P8TULP,z153,RUNNING,T340,E510,stx,Y,01,1,2018-02-26,FINLAND,014:13,05:17,2018-02-17   17:04,
1AUE2B7,JN711N,42A,8286,T_P8TULP,z103,RUNNING,T340,E620,stx,Y,01,1,2018-02-26,FINLAND,017:42,04:39,2018-02-17   16:23,
1AUE2B8,JN711L,42A,8286,T_P8TULP,z163,RUNNING,T340,E510,stx,Y,01,1,2018-02-26,FINLAND,013:24,05:19,2018-02-17   17:07,
1AUE2N7,AS519B,GTG,8335,T_OPWSPN,e107,REWORK,R111,A110,obmcvpd,N,,,2018-02-22,846,005:23,REWORK,,
1AUEA66,YOB40Z,GTW,8335,T_OPWSPN,h20111,RUNNING,T111,A140,oblnxins,N,,,2018-02-12,895,001:05,02:59,2018-02-17   15:13,
1AUEAV9,YMB3Z7,42A,9009,T_P9ZZP,n405,HOLD,R111,A100,iplphyp,N,,1,2018-02-22,MEXICO,051:08,HOLD,,
1AUEBT8,YMB3Z3,42H,9223,T_P9ZZI,n455,HOLD,R111,A086,procvpdl,N,,1,2018-02-22,MEXICO,019:21,HOLD,,
1AUEBT9,YMB3Z6,41A,9009,T_P9ZZP,n153,HOLD,R111,A100,iplphyp,N,,1,2018-02-22,MEXICO,018:29,HOLD,,
1AUEDQ3,YOB44L,42A,9009,T_P9ZZP,n458,RUNNING,T340,E315,iplrpa,N,01,1,2018-01-15,USA,014:25, NA.,,
1AUEFO3,YL13VK,GTH,8335,T_OPWSPN,e106,HOLD,R310,C110,obmcipl,N,,,2018-02-12,895,057:00,HOLD,,
1AUEGA5,YMB3ZI,CR9,7042,T_HMC,y159,HOLD,TVAL,0000,UNKNOWN,N,,,2018-02-22,781,503:48,HOLD,,
1AUEGB2,YMB3ZM,41A,8286,T_P8TULI,a104,HOLD,R340,E050,ipcfgchk,Y,01,1,2018-02-22,MEXICO,999:99,HOLD,,
1AUEH12,YMB3ZP,21L,8247,T_P8TULP,n154,HOLD,TVAL,0000,UNKNOWN,Y,01,1,2018-02-22,MEXICO,503:35,HOLD,,
1AUEH15,YMB3ZO,MHE,9080,T_P8BRZP,n105,HOLD,TVAL,0000,UNKNOWN,N,04,3,2018-12-25,MEXICO,090:45,HOLD,,
1AUEHH7,YMB3ZK,42A,8286,T_P8TULP,b210,HOLD,TVAL,0000,UNKNOWN,N,03,1,2018-12-25,MEXICO,374:07,HOLD,,
1AUEHH8,YMB3ZL,E8E,8408,T_P8ALP,a251,HOLD,TVAL,0000,UNKNOWN,Y,02,1,2018-12-25,MEXICO,255:14,HOLD,,
1AUEHI2,YMB3ZJ,22A,8284,T_P8TULP,y153,HOLD,TVAL,0000,UNKNOWN,Y,01,,2018-12-25,781,234:05,HOLD,,
1AUEHJ2,YOB466,GTH,8335,T_OPWSPN,e154,HOLD,R310,C130,lnxcfgck,N,,,2018-02-01,895,018:07,HOLD,,
1AUEM92,888NMD,42A,8286,T_P8TULP,b206,ATTN,TVAL,Q001,fileview,Y,03,1,2018-04-02,USA,023:01,01:08,2018-02-17   12:42,
1AUENA2,888NPG,MME,9080,T_P8BRZP,y257,REWORK,R111,A215,chkerrl,Y,05,2,2018-04-02,USA,003:18,REWORK,,
1AUEP35,AS512P,22L,5148,T_P8TULP,y255,RUNNING,T111,A257,crtpdisk,Y,01,1,2018-03-21,SWEDEN,003:13,14:43,2018-02-18   02:45,
1AUEP35,AS512R,21L,5148,T_P8TULP,y256,ABORT,R111,A383,ipcfgchk,Y,01,1,2018-03-21,SWEDEN,003:11, NA.,,
1AUEP35,AS512S,22L,5148,T_P8TULP,y254,RUNNING,T111,A360,htxinit,Y,01,1,2018-03-21,SWEDEN,003:11,14:42,2018-02-18   02:30,
1AUES78,4BFRCP,MME,9080,T_P8BRZP,a201,RUNNING,T340,E420,stx,Y,05,3,2018-03-20,USA,024:39,05:31,2018-02-17   17:49,
1AUES91,4BFRDX,MME,9080,T_P8BRZP,z264,RUNNING,T320,D430,stx,Y,05,3,2018-03-20,USA,026:21,16:33,2018-02-18   04:35,
1AUES94,4BFRFW,MME,9080,T_P8BRZP,b204,RUNNING,T340,E112,iplrpa,Y,05,,2018-03-20,895,025:54,08:28,2018-02-17   20:24,
1AUES96,4BFRFK,MME,9080,T_P8BRZP,a259,ATTN,TVAL,Q001,fileview,Y,05,,2018-03-20,895,026:58,00:26,2018-02-17   12:46,
1AUES98,4BFRJH,44E,8408,T_P8ALPQ,d261,RUNNING,T320,DC10,stx,Y,01,1,2018-03-20,USA,017:26,12:17,2018-02-18   00:19,
1AUET27,888VBV,44E,8408,T_P8ALPQ,e207,REWORK,R340,ET50,ipcfgchk,Y,03,1,2018-03-20,USA,022:51,REWORK,,
1AUET28,888VCY,44E,8408,T_P8ALPQ,d151,RUNNING,T340,E110,iplrpa,Y,03,1,2018-03-20,USA,023:00,09:33,2018-02-17   21:30,
1AUET29,888VCF,44E,8408,T_P8ALPQ,e210,RUNNING,T340,E225,stx,Y,03,1,2018-03-20,USA,023:05,08:52,2018-02-17   20:52,
1AUET31,888TZH,44E,8408,T_P8ALPQ,d109,RUNNING,T340,E620,iplrpa,Y,03,1,2018-03-20,USA,016:03,07:15,2018-02-17   18:59,
1AUET32,888VBL,44E,8408,T_P8ALPQ,z269,RUNNING,T340,E415,iplrpa,Y,03,1,2018-03-20,USA,019:00,08:29,2018-02-17   20:30,
1AUET33,888TZR,44E,8408,T_P8ALPQ,b258,RUNNING,T340,E225,stx,Y,03,1,2018-03-20,USA,020:33,08:28,2018-02-17   20:48,
1AUET34,888VBB,44E,8408,T_P8ALPQ,d101,RUNNING,T320,D810,stx,Y,03,,2018-03-20,895,017:06,15:24,2018-02-18   03:39,
1AUET35,888VCP,44E,8408,T_P8ALPQ,c202,RUNNING,T310,R100,iplphyp,Y,03,1,2018-03-20,USA,020:27, NA.,,
1AUET36,888TYX,44E,8408,T_P8ALPQ,e208,RUNNING,T400,H145,cuodmgnt,Y,03,1,2018-03-20,USA,020:44,02:14,2018-02-17   14:27,
1AUETF7,888TLG,44E,8408,T_P8ALPQ,d252,ATTN,TVAL,Q001,fileview,N,01,1,2018-03-20,USA,029:30,00:21,2018-02-17   12:37,
1AUETF9,888TKQ,44E,8408,T_P8ALPQ,e204,RUNNING,T340,E225,stx,N,01,1,2018-03-20,USA,018:09,06:56,2018-02-17   18:54,
1AUETP2,888TNG,44E,8408,T_P8ALPQ,d254,RUNNING,T390,H130,iplrpa,N,01,1,2018-03-20,USA,023:25,01:39,2018-02-17   13:33,
1AUETP3,888TNW,44E,8408,T_P8ALPQ,e202,RUNNING,T340,E520,stx,N,01,1,2018-03-20,USA,016:00,06:12,2018-02-17   18:29,
1AUEYC5,A1U5AA,MHE,9080,T_P8BRZP,b253,RUNNING,T320,D850,loadpdef,Y,07,5,2018-02-20,SWITZERLAND,102:22,17:43,2018-02-18   04:20,
1AUEYE1,A1U5J1,22A,8284,T_P8TULP,z112,RUNNING,T340,E620,stx,Y,01,1,2018-02-23,373,014:54,04:42,2018-02-17   16:37,
1AUEZ57,4BFXLL,22L,8247,T_P8TULP,z165,RUNNING,T320,D235,stx,Y,01,1,2018-03-20,USA,027:09,12:41,2018-02-18   00:36,
1AUEZN5,FH7985,MME,9080,T_P8BRZP,a258,REWORK,R320,D110,iplphyp,Y,07,3,2018-03-21,U KINGDOM,017:41,REWORK,,
1AUEZP6,FH799N,MME,9080,T_P8BRZP,b262,RUNNING,T310,C140,stx,Y,07,3,2018-03-21,U KINGDOM,011:23,20:58,2018-02-18   09:18,
1AUEZV5,888ZBQ,MHE,9080,T_P8BRZP,d206,RUNNING,T320,D920,stx,N,05,5,2018-02-20,USA,071:19,15:17,2018-02-18   02:33,
BBB4K5N,$CSRG3,GTW,8335,T_OPWSPN,h20104,HOLD,R111,A240,lnxcfgck,N,,,2017-11-06,781,919:22,HOLD,,
BBB5ARS,$CS65P,GTW,8335,T_OPWSPN,h20308,RUNNING,T111,A081,rmbmcinv,N,,,2018-01-04,781,002:10, NA.,,
BBB5CB8,$CS8W9,GTW,8335,T_OPWSPN,h20109,REWORK,R111,A140,oblnxins,N,,,2018-01-04,781,023:49,REWORK,,
BBB5CNW,$CS86W,GTW,8335,T_OPWSPN,h20412,REWORK,R111,A140,oblnxins,N,,,2018-01-04,781,018:56,REWORK,,
BBB5CT4,$CS9B3,GTW,8335,T_OPWSPN,h20201,RUNNING,T111,A140,oblnxins,N,,,2018-01-04,781,023:49,03:00,2018-02-17   15:20,
BBB5CXK,$CS9FJ,GTW,8335,T_OPWSPN,h20207,RUNNING,T111,A140,oblnxins,N,,,2018-01-04,781,023:19,03:00,2018-02-17   15:20,
BBB5K5L,$CTCT7,GTW,8335,T_OPWSPN,h20204,RUNNING,T310,C110,obmcipl,N,,,2018-01-19,781,022:18,02:17,2018-02-17   14:26,
BBB5K6C,$CTCV0,GTW,8335,T_OPWSPN,h20112,REWORK,R310,R195,ckobmcer,N,,,2018-01-19,781,023:21,REWORK,,
BBB5KAX,$CTBXG,GTW,8335,T_OPWSPN,h20504,REWORK,R111,A215,lnxmcode,N,,,2018-01-19,895,006:35,REWORK,,
BBB5KD2,$CTB3P,GTW,8335,T_OPWSPN,h20203,RUNNING,T310,C161,htx,N,,,2018-01-19,781,023:48,01:45,2018-02-17   14:05,
BBB5KJZ,$CTB7L,GTW,8335,T_OPWSPN,h20208,RUNNING,T111,A140,oblnxins,N,,,2018-01-19,781,023:19,02:59,2018-02-17   15:19,
BBB5KKH,$CTB74,GTW,8335,T_OPWSPN,h20210,RUNNING,T310,C161,htx,N,,,2018-01-19,781,022:44,02:17,2018-02-17   14:29,
BBB5KN2,$CTCBN,GTW,8335,T_OPWSPN,h20209,RUNNING,T310,C161,htx,N,,,2018-01-19,781,023:00,01:45,2018-02-17   14:05,
BBB5KR2,$CTCFP,GTW,8335,T_OPWSPN,h20408,RUNNING,T310,C161,htx,N,,,2018-01-19,781,018:58,02:17,2018-02-17   14:15,
BBB5KSC,$CTCF0,GTW,8335,T_OPWSPN,h20411,RUNNING,T310,C161,htx,N,,,2018-01-19,781,018:59,01:45,2018-02-17   14:05,
BBB5KT5,$CTCHS,GTW,8335,T_OPWSPN,h20302,RUNNING,T310,C161,htx,N,,,2018-01-19,781,021:11,02:17,2018-02-17   14:18,
BBB5KTL,$CTCG7,GTW,8335,T_OPWSPN,h20410,RUNNING,T111,A140,oblnxins,N,,,2018-01-19,781,019:02, NA.,,
BBB5KY9,$CTCMY,GTW,8335,T_OPWSPN,h20404,HOLD,R310,C161,htx,N,,,2018-01-19,781,063:07,HOLD,,
BBB5L1G,$CTDYC,GTW,8335,T_OPWSPN,h20106,REWORK,R111,A140,oblnxins,N,,,2018-01-19,781,005:39,REWORK,,
BBB5L33,$CTD00,GTW,8335,T_OPWSPN,h20306,REWORK,R111,A150,ubpkgins,N,,,2018-01-19,781,013:19,REWORK,,
BBB5L99,$CTD66,GTW,8335,T_OPWSPN,h20406,REWORK,R111,A140,oblnxins,N,,,2018-01-19,781,008:15,REWORK,,
BBB5LAA,$CTCZY,GTW,8335,T_OPWSPN,h20102,PASS,T310,0000,UNKNOWN,N,,,2018-01-19,781,012:28,02:42,2018-02-17   14:45,
BBB5LAH,$CTCZ4,GTW,8335,T_OPWSPN,h20110,ABORT,T390,0000,UNKNOWN,N,,,2018-01-19,781,023:50, NA.,,
BBB5LAW,$CTC0H,GTW,8335,T_OPWSPN,h20301,RUNNING,T111,A140,oblnxins,N,,,2018-01-19,781,022:17,03:00,2018-02-17   15:20,
BBB5LB3,$CTC1Q,GTW,8335,T_OPWSPN,h20108,REWORK,R111,A140,oblnxins,N,,,2018-01-19,781,022:25,REWORK,,
BBB5LBX,$CTC1J,GTW,8335,T_OPWSPN,h20409,RUNNING,T310,C110,obmcipl,N,,,2018-01-19,781,019:04,02:42,2018-02-17   14:40,
BBB5LSB,$CTDPA,GTW,8335,T_OPWSPN,h20307,RUNNING,T111,A075,obmcflsh,N,,,2018-01-19,781,001:51, NA.,,
BBB5LZA,$CTDV6,GTW,8335,T_OPWSPN,h20305,RUNNING,T111,A081,rmbmcinv,N,,,2018-01-19,781,002:32, NA.,,
BBB5LZX,$CTDWT,GTW,8335,T_OPWSPN,h20107,REWORK,R310,C161,htx,N,,,2018-01-19,781,005:38,REWORK,,
BBB5MAY,$CTD7V,GTW,8335,T_OPWSPN,h20212,RUNNING,T111,A150,ubpkgins,N,,,2018-01-19,781,002:40,02:52,2018-02-17   15:11,
BBB5MLJ,$CTFHF,GTW,8335,T_OPWSPN,h20211,RUNNING,T310,C210,obmcipl,N,,,2018-01-19,781,003:45,01:42,2018-02-17   13:24,
BBB5MPV,$CTFLR,GTW,8335,T_OPWSPN,h20206,REWORK,R111,A150,ubpkgins,N,,,2018-01-19,781,005:29,REWORK,,
BBB5TW6,$CTJ30,22A,8284,T_P8TULP,y154,HOLD,T390,0000,UNKNOWN,N,01,1,2018-02-11,USA,184:18,HOLD,,
BBB5X4G,$CTLLA,22A,8284,T_P8TULP,y162,RUNNING,T320,D335,stx,N,01,1,2018-02-16,USA,005:29,10:44,2018-02-17   23:00,
BBB5X4H,$CTLLB,22A,8284,T_P8TULP,y160,RUNNING,T320,D815,stx,N,01,1,2018-02-16,USA,006:52,08:20,2018-02-17   20:20,
BBB5X4J,$CTLLC,22A,8284,T_P8TULP,y102,RUNNING,T320,D915,stx,N,01,1,2018-02-16,USA,007:12,08:19,2018-02-17   20:04,
BBB5X4K,$CTLLD,22A,8284,T_P8TULP,y158,RUNNING,T320,D715,stx,N,01,1,2018-02-16,USA,006:37,08:22,2018-02-17   20:42,
BBB5X4L,$CTLLG,22A,8284,T_P8TULP,y104,RUNNING,T320,D715,stx,N,01,1,2018-02-16,USA,007:02,08:40,2018-02-17   20:59,
BBB5X4N,$CTLLH,22A,8284,T_P8TULP,y161,RUNNING,T320,D615,stx,N,01,1,2018-02-16,USA,005:39,09:51,2018-02-17   21:55,
BBB5X4P,$CTLLJ,22A,8284,T_P8TULP,y103,RUNNING,T320,D815,stx,N,01,1,2018-02-16,USA,007:20,08:20,2018-02-17   20:22,
BBB5X4Q,$CTLLK,22A,8284,T_P8TULP,z101,RUNNING,T111,A100,iplphyp,N,,1,2018-02-16,USA,000:22, NA.,,
BBB5X4R,$CTLLL,22A,8284,T_P8TULP,y152,RUNNING,T320,D335,stx,N,01,,2018-02-16,897,006:45,11:19,2018-02-17   23:16,
BBB5X4S,$CTLLM,22A,8284,T_P8TULP,y166,RUNNING,T111,A028,lmskeyrq,N,,,2018-02-16,897,000:03, NA.,,
BBB5X4T,$CTLLN,22A,8284,T_P8TULP,y164,RUNNING,T111,A050,eflash,N,,,2018-02-16,897,000:07, NA.,,
BBB5X4W,$CTLLQ,22A,8284,T_P8TULP,y155,REWORK,R320,D235,stx,N,01,1,2018-02-16,USA,006:28,REWORK,,
BBB5X4X,$CTLLR,22A,8284,T_P8TULP,y157,RUNNING,T320,D615,stx,N,01,1,2018-02-16,USA,005:44,09:51,2018-02-17   21:51,
