,Cdate,Class,Comment,Country,Cstat,Custname,Est,Firm,MFGN,MType,Mdl,Ords,Ororno,P/L,PSSD,RSSD,Rack,Rev,Stat,TimeStamp,WUs
0,,Commit,SHORT_MODULE_00UM261,U KINGDOM,N,,*,F,1AUEXE5,TUL3,41A,2,FH791H,P,02/23,02/01,N,16296,BLD-Y,,2
1,,Commit,SHORT_MODULE_00UM261,USA,N,,*,F,1AUEYO6,,21A,2,888YTF,P,02/27,02/02,N,8707,BLD-Y,,1
2,,Commit,SHORT_MODULE_00UM261,USA,N,,*,F,1AUEYO7,,21A,2,888YQX,P,02/27,02/02,N,8707,BLD-Y,,1
3,,Commit,SHORT_MODULE_00UM261,USA,N,,*,F,1AUEYO8,,21A,2,888YVX,P,02/27,02/02,N,8707,BLD-Y,,1
4,,Commit,SHORT_MODULE_00UM261,USA,N,,*,F,1AUEYO9,,21A,2,888YQQ,P,02/27,02/02,N,8707,BLD-Y,,1
5,,Commit,SHORT_MODULE_00UM261,USA,N,,*,F,1AUEYP1,,21A,2,888YWM,P,02/27,02/02,N,8707,BLD-Y,,1
6,,Commit,SHORT_MODULE_00UM261,USA,N,,*,F,1AUEYP2,,21A,2,888YRF,P,02/27,02/02,N,8707,BLD-Y,,1
7,,Commit,SHORT_MODULE_00UM261,USA,N,,*,F,1AUEYP3,,21A,2,888YWT,P,02/27,02/02,N,8707,BLD-Y,,1
8,,Commit,SHORT_MODULE_00UM261,USA,N,,*,F,1AUEYP4,,21A,2,888YTT,P,02/27,02/02,N,8707,BLD-Y,,1
9,,Commit,SHORT_MODULE_00UM261,SWITZERLAN,N,,*,F,1AUEY61,,41A,1,A1U5RD,I/R,03/02,01/30,N,16296,BLD-Y,,1
10,,Commit,SHORT_MODULE_00UM261,USA,N,,*,F,1AUE033,,41A,2,888ZSP,I/R,03/02,02/07,N,14362,BLD-Y,,1
11,,Commit,SHORT_MODULE_00UM261,USA,N,,*,F,1AUE1A1,,21A,1,889BBG,I/R,02/23,02/07,N,8707,BLD-Y,,1
12,,Commit,SHORT_MODULE_00UM261,USA,N,,*,F,1AUCLZ8,,41A,2,885WQG,I/R,02/23,02/07,N,14362,BLD-Y,,1
13,,Commit,SHORT_MODULE_00UM261,USA,N,,*,F,1AUE1Y2,,41A,2,889BCR,P,02/23,02/07,N,14362,BLD-Y,,1
14,,Commit,SHORT_MODULE_00UM261,USA,N,,*,F,1AUE161,,41A,2,889BQH,I,02/23,02/13,N,14362,BLD-Y,,1
15,,Commit,SHORT_MODULE_00UM261,ITALY,N,,*,F,1AUE166,,41A,2,GY39FF,I/R,02/26,02/07,N,16296,BLD-Y,,1
16,,Commit,SHORT_MODULE_00UM261,ITALY,N,,*,F,1AUE2A1,,21A,1,GY39FY,N,02/26,02/07,N,10204,BLD-Y,,1
17,,Commit,SHORT_MODULE_00UM261,GERMANY,N,,*,F,1AUE2C6,,41A,2,A1U6TS,I/R,04/02,02/02,N,16296,BLD-Y,,1
18,,Commit,SHORT_MODULE_00UM261,ITALY,N,,*,F,1AUE2C7,,41A,2,GY39HF,I,02/26,02/02,N,16296,BLD-Y,,1
19,,Commit,SHORT_MODULE_00UM261,GERMANY,N,,*,F,1AUE2D2,,41A,2,A1U6U0,I/R,04/02,02/02,N,16296,BLD-Y,,1
20,,Commit,SHORT_MODULE_00UM261,U KINGDOM,N,,*,F,1AUE2F4,,41A,1,FH72ZU,I,02/27,02/07,N,16296,BLD-Y,,1
21,,Commit,SHORT_MODULE_00UM261,ITALY,N,,*,F,1AUE2L1,,41A,2,GY39I6,I/R,03/02,02/07,N,16296,BLD-Y,,1
22,,Commit,SHORT_MODULE_00UM261,USA,N,,*,F,1AUE2P7,,41A,2,889BTJ,P,02/26,02/07,N,14362,BLD-Y,,1
23,,Commit,SHORT_MODULE_00UM261,USA,N,,*,F,1AUE2P8,,41A,4,889BSY,P,02/26,02/07,N,14362,BLD-Y,,1
24,,Commit,SHORT_MODULE_00UM261,CZECH,N,,*,F,1AUE2T5,TUL3,41A,2,GS84Y3,I/R,02/26,02/02,N,16296,BLD-Y,,3
25,,Commit,SHORT_MODULE_00UM261,USA,N,,*,F,1AUE2W1,,41A,2,889BVZ,I/R,03/05,02/14,N,14362,BLD-Y,,1
26,,Commit,SHORT_01AF587_RACK,TAIWAN,N,TAIWAN COOPERATIVE BANK,,E,1AUEX11,,94Y,1,QR61ZZ,N,03/20,02/14,N,7674,BLD-Y,,1
27,,Commit,SHORT_01AF587_RACK,TAIWAN,N,TAIWAN COOPERATIVE BANK,,E,1AUEX12,,94Y,1,QR5999,N,03/20,02/14,N,7674,BLD-Y,,1
28,,Commit,SHORT_01AF587_RACK,U KINGDOM,N,TESCO,,E,1AUEZQ9,,94Y,1,FH8AAU,N,03/20,02/16,N,3062,BLD-Y,,1
29,,Commit,APPLY_ORDER,FRANCE,N,CIE IBM FRANCE,,U,1AUE0U4,REAP,F28,4,K6QN4S,N,03/21,02/19,N,7158,BLD-Y,,1
30,,Commit,APPLY_ORDER,FRANCE,N,CIE IBM FRANCE,,U,1AUE0V9,REAP,F28,4,K6QN52,N,03/21,02/16,N,7158,BLD-Y,,1
0,,Commit,,ITALY,N,COMPUTER GROSS ITALIA SPA,,E,1AUC4Q6,BRG3,MHE,5,GY8MNG,P,03/26,02/19,Y,7000,BLD-N,,11
1,,Commit,,ITALY,N,COMPUTER GROSS ITALIA SPA,,E,1AUC4R3,BRG3,MHE,5,GY8MNX,P,03/26,02/19,Y,7000,BLD-N,,11
2,,Commit,,ITALY,N,,*,E,1AUC4W1,,42L,1,GY8MP6,N,03/26,02/19,N,40010,BLD-N,,1
3,,Commit,,ITALY,N,COMPUTER GROSS ITALIA SPA,,E,1AUC469,TUL3,44E,8,GY8MTN,N,03/26,02/19,Y,10600,BLD-N,,6
4,,Commit,,ITALY,N,COMPUTER GROSS ITALIA SPA,,E,1AUC5Q5,,42A,7,GY8MVR,N,03/26,02/19,Y,5000,BLD-N,,5
5,,Commit,,ITALY,N,COMPUTER GROSS ITALIA SPA,,E,1AUC783,BRZ,MHE,4,KB44O3,N,03/26,02/19,Y,12000,BLD-N,,8
6,,Commit,,ITALY,N,COMPUTER GROSS ITALIA SPA,,E,1AUDBB3,TUL3,44E,7,KB44UA,N,03/26,02/19,Y,10500,BLD-N,,5
7,,Commit,SHORT_01DH044,ITALY,N,COMPUTER GROSS ITALIA SPA,,E,1AUDGO2,BRZ,MHE,4,GY51SA,N,03/26,02/19,Y,12000,BLD-N,,8
8,,Commit,,ITALY,N,COMPUTER GROSS ITALIA SPA,,E,1AUDGQ1,BRZ,MHE,4,GY51S9,N,03/26,02/19,Y,12000,BLD-N,,8
9,02/17,Commit,,POLAND,Y,,*,E,1AUDJO7,GARI,GTB,1,GR708V,N,03/26,02/01,N,31342,BLD-N,,1
10,,Commit,CTB,ITALY,N,COMPUTER GROSS ITALIA SPA,,E,1AUDL96,TUL3,44E,8,GY51ZP,N,03/26,02/19,Y,10770,BLD-N,,6
11,,Commit,SHORT_00E2039,ITALY,N,COMPUTER GROSS ITALIA SPA,,E,1AUDMB8,,CR9,7,GY510L,N,03/26,02/19,Y,5508,BLD-N,,5
12,02/17,Commit,,CZECH,Y,STATNI ZEMEDELSKY INTERVENCNI,,E,1AUDNZ7,,T42,1,GS614D,N,03/26,02/01,N,4744,BLD-N,,1
13,02/17,Commit,,CZECH,Y,STATNI ZEMEDELSKY INTERVENCNI,,E,1AUDN02,,T42,1,GS614E,N,03/26,02/01,N,4744,BLD-N,,1
14,02/17,Commit,,ITALY,Y,,*,E,1AUDS56,GARI,GTB,1,GY89BD,N,03/26,02/19,N,31342,BLD-N,,1
15,02/17,Commit,,ITALY,Y,,*,E,1AUDS63,GARI,GTB,1,GY89BG,N,03/26,02/19,N,31342,BLD-N,,1
16,,Commit,,ITALY,N,,*,E,1AUDZ25,,41A,2,GY16M6,I/R,03/29,02/19,N,16296,BLD-N,,1
17,02/17,Commit,,CAYMANS,Y,BANCO BRADESCO S.A,,B,1AUD2D7,,CR9,2,A1TVJR,N,03/26,02/22,N,3850,BLD-N,,1
18,,Commit,,CAYMANS,N,,*,B,1AUD2D8,,41A,1,A1TVJG,I/R,03/26,02/22,N,14362,BLD-N,,1
19,,Commit,SHORT_00NE653,ROMANIA,N,BANCA COMERCIALA ROMANA S.A,,E,1AUD366,BRZ,MME,6,GT234Z,P,03/26,02/12,N,6636,BLD-N,,7
20,02/17,Commit,CTB,ROMANIA,Y,BANCA COMERCIALA ROMANA S.A,,E,1AUD367,,T42,1,GT234W,N,03/26,02/12,N,5261,BLD-N,,1
21,,Commit,SHORT_00NE653,ROMANIA,N,,*,E,1AUD368,BRZ,MME,2,GT235G,P,03/26,02/12,N,217646,BLD-N,,7
22,02/17,Commit,CTB,ROMANIA,Y,BANCA COMERCIALA ROMANA S.A,,E,1AUD369,,T42,1,GT235D,N,03/26,02/12,N,5261,BLD-N,,1
23,,Commit,,ITALY,N,CNH INDUSTRIAL ITALIA SPA,,E,1AUEM99,BRG3,MHE,5,GY8P0B,P,03/26,02/19,Y,11224,BLD-N,,10
24,,Commit,,ITALY,N,IVECO S.P.A.,,E,1AUENQ8,BRG3,MHE,5,GY8P0S,P,03/26,02/19,Y,11224,BLD-N,,10
25,,Commit,,GERMANY,N,,*,B,1AUEYE8,BRG3,MHE,2,A1U5JD,P,03/26,02/19,N,281916,BLD-N,,6
26,,Commit,,GERMANY,N,,*,B,1AUEYF2,BRG3,MHE,2,A1U5J7,P,03/26,02/19,N,281916,BLD-N,,6
27,,Commit,,GERMANY,N,,*,B,1AUEY59,BRG3,MHE,2,A1U5QH,P,03/26,02/19,N,281916,BLD-N,,6
28,,Commit,,GERMANY,N,,*,B,1AUEY75,BRG3,MHE,2,A1U5R0,P,03/26,02/19,N,281916,BLD-N,,6
29,,Commit,,NETHERLAND,N,,*,E,1AUEZH7,BRZ,MHE,1,KF5RMM,N,03/26,02/14,N,281916,BLD-N,,5
30,,Commit,,NETHERLAND,N,,*,E,1AUEZP5,BRZ,MHE,1,KF5RNC,N,03/26,02/14,N,281916,BLD-N,,5
31,,Commit,,NETHERLAND,N,,*,E,1AUEZP7,BRZ,MHE,1,KF5RM5,N,03/26,02/14,N,281916,BLD-N,,5
32,,Commit,,GERMANY,N,,*,B,1AUE0Y2,,42L,1,A1U6HN,N,03/26,02/16,N,40010,BLD-N,,1
33,,Commit,,GERMANY,N,,*,B,1AUE0Y3,,42L,1,A1U6HG,N,03/26,02/16,N,40010,BLD-N,,1
34,02/17,Commit,,ITALY,Y,TELECOM ITALIA SPA,,E,1AUCLH3,,T42,1,GY0TBW,N,03/26,02/19,N,3766,BLD-N,,1
35,02/17,Commit,,ITALY,Y,TELECOM ITALIA SPA,,E,1AUCLJ6,,T42,1,GY0TB9,N,03/26,02/19,N,3766,BLD-N,,1
36,02/17,Commit,,RUSSIA,Y,,*,R,1AUDZ03,,GTG,1,QE0EPK,N,03/26,02/02,N,0,BLD-N,,1
37,,Commit,,RUSSIA,N,,*,R,1AUEL37,,44E,1,QE176F,N,03/26,02/02,N,84394,BLD-N,,1
38,,Commit,SHORT_MODULE_00YV413,RUSSIA,N,,*,R,1AUEL38,,44E,1,QE176H,N,03/26,02/02,N,84394,BLD-N,,1
39,,Commit,SHORT_MODULE_00YV413,RUSSIA,N,,*,R,1AUEL39,,44E,1,QE176J,N,03/26,02/02,N,84394,BLD-N,,1
40,,Commit,SHORT_MODULE_00YV413,RUSSIA,N,,*,R,1AUEL41,,44E,1,QE176G,N,03/26,02/02,N,84394,BLD-N,,1
41,,Commit,SHORT_MODULE_00YV413,RUSSIA,N,,*,R,1AUEL42,,44E,1,QE176E,N,03/26,02/02,N,84394,BLD-N,,1
42,,Commit,,RUSSIA,N,,*,R,1AUEW73,BRZ,MME,2,QE19D4,N,03/26,02/02,N,217646,BLD-N,,4
43,,Commit,,RUSSIA,N,,*,R,1AUEW74,BRZ,MME,2,QE19ED,N,03/26,02/02,N,217646,BLD-N,,4
0,,Commit,SHORT_PN,ETHIOPIA,N,,*,B,1AUC867,,22A,4,A1TNGZ,P,04/02,02/12,Y,33832,N-NOM,,3
1,,Commit,CTB,PORTUGAL,N,SPMS - SERV. PARTILHADOS DO,,B,1AUDQP5,TUL3,44E,5,A1TU16,N,04/02,02/14,Y,11273,N-NOM,,7
2,,Commit,SHORT_00VK292,SWITZERLAN,N,,*,B,1AUD0R8,,22A,1,A1TVVB,N,04/02,02/14,N,18932,N-NOM,,1
3,,Commit,CTB,SWITZERLAN,N,,*,B,1AUD0R9,,42A,1,A1TVV7,N,04/02,02/14,N,46474,N-NOM,,1
4,,Commit,SHORT_00VK292,SWITZERLAN,N,,*,B,1AUD0S1,,22A,1,A1TVVU,N,04/02,02/14,N,18932,N-NOM,,1
5,,Commit,CTB,SWITZERLAN,N,,*,B,1AUD0S7,,42A,1,A1TVV3,N,04/02,02/14,N,46474,N-NOM,,1
6,02/17,Commit,CTB,JAPAN,Y,,*,E,1AUD1B8,,GTG,1,TE273X,N,04/02,02/16,N,0,N-NOM,,1
7,,Commit,SHORT_90Y3046,INDIA,N,RELIANCE CORPORATE IT PARK,,E,1AUD4Q5,,94Y,1,OL7R3H,N,04/02,01/15,N,0,N-NOM,,1
8,,Commit,SHORT_90Y3046,INDIA,N,RELIANCE CORPORATE IT PARK,,E,1AUD4Q7,,94Y,1,OL7R3K,N,04/02,01/15,N,0,N-NOM,,1
9,,Commit,SHORT_90Y3046,INDIA,N,RELIANCE CORPORATE IT PARK,,E,1AUD4Q8,,94Y,1,OL7R3L,N,04/02,01/15,N,0,N-NOM,,1
10,,Commit,SHORT_90Y3046,INDIA,N,RELIANCE CORPORATE IT PARK,,E,1AUD4Q9,,94Y,1,OL7R3G,N,04/02,01/15,N,0,N-NOM,,1
11,,Commit,SHORT_90Y3046,INDIA,N,RELIANCE CORPORATE IT PARK,,E,1AUD4R1,,94Y,1,OL7R3M,N,04/02,01/15,N,0,N-NOM,,1
12,,Commit,SHORT_90Y3046,INDIA,N,RELIANCE CORPORATE IT PARK,,E,1AUD4R2,,94Y,1,OL7R3J,N,04/02,01/15,N,0,N-NOM,,1
13,02/17,Commit,,EGYPT,Y,,*,B,1AUEII8,FIRE,GCA,2,A1TE66,N,04/23,03/08,Y,0,N-NOM,,3
14,02/17,Commit,,EGYPT,Y,,*,B,1AUEIR3,FIRE,GCA,2,A1TGDP,N,04/23,03/08,Y,0,N-NOM,,3
15,,Commit,,SRI LANKA,N,,*,E,1AUEJ41,,42A,1,MG062T,N,04/02,02/02,N,48103,N-NOM,,1
16,,Commit,,SRI LANKA,N,,*,E,1AUEJ42,,42A,1,MG04Y8,N,04/02,02/02,N,48103,N-NOM,,1
17,,Commit,,SRI LANKA,N,,*,E,1AUEJ44,,42A,1,MG031H,N,04/02,02/02,N,48103,N-NOM,,1
18,02/17,Commit,,EGYPT,Y,,*,B,1AUES04,FIRE,GCA,4,A1TEAS,N,04/23,03/08,Y,0,N-NOM,,5
19,,Commit,,JAPAN,N,,*,E,1AUEU93,,41A,2,TL469V,I/R,04/02,02/20,N,15113,N-NOM,,1
20,02/17,Commit,,EGYPT,Y,,*,B,1AUEWM2,FIRE,GCA,2,A1TEDR,N,04/23,03/08,Y,0,N-NOM,,3
21,02/17,Commit,,EGYPT,Y,,*,B,1AUEWN2,FIRE,GCA,6,A1TE3F,N,04/23,03/08,Y,0,N-NOM,,7
22,02/17,Commit,,EGYPT,Y,,*,B,1AUEWO4,FIRE,GCA,6,A1TE8B,N,04/23,03/08,Y,0,N-NOM,,7
23,02/17,Commit,,EGYPT,Y,,*,B,1AUEWO5,FIRE,GCA,4,A1TE6S,N,04/23,03/08,Y,0,N-NOM,,5
24,02/17,Commit,,EGYPT,Y,,*,B,1AUEWO6,FIRE,GCA,2,A1TEA6,N,04/23,03/08,Y,0,N-NOM,,3
25,02/17,Commit,,EGYPT,Y,,*,B,1AUEWO7,FIRE,GCA,4,A1TEBZ,N,04/23,03/08,Y,0,N-NOM,,5
26,02/17,Commit,,EGYPT,Y,,*,B,1AUEWP1,FIRE,GCA,4,A1TEEB,N,04/23,03/08,Y,0,N-NOM,,5
27,02/17,Commit,,JAPAN,Y,,*,E,1AUE0F4,,GTG,3,TC627H,N,05/01,02/28,Y,0,N-NOM,,4
28,,Commit,,JAMAICA,N,,*,B,1AUE0U5,,41A,1,A1U6F1,I/R,04/03,02/22,N,14362,N-NOM,,1
29,02/17,Commit,,JAMAICA,Y,STATISTICAL INSTITUTE OF JAM,,B,1AUE0U6,,CR9,2,A1U6EZ,N,04/03,02/22,N,3330,N-NOM,,1
30,02/17,Commit,,EGYPT,Y,,*,B,1AUBZF9,,T42,1,A1TEA5,N,04/23,03/08,N,0,N-NOM,,1
31,02/17,Commit,,EGYPT,Y,,*,B,1AUBZH1,,T42,1,A1TEBC,N,04/23,03/08,N,0,N-NOM,,1
32,,Commit,SHORT_00LY447,JAPAN,N,,*,E,1AUCV42,EAST,22L,8,TH472U,N,04/02,02/16,Y,0,N-NOM,,5
33,,Commit,,KENYA,N,I&M BANK LTD,,B,1AUCZ92,,CR9,4,A1TNCX,N,04/02,02/12,Y,5165,N-NOM,,3
34,,Commit,,KENYA,N,I&M BANK LTD,,B,1AUCZ93,,44E,4,A1TND6,N,04/02,02/12,Y,5165,N-NOM,,3
35,,Commit,,SWITZERLAN,N,,*,B,0T1D28S,,MMD,1,T1D28S,N,04/02,02/14,Y,0,N-NOM,,6
36,,Commit,,SWITZERLAN,N,,*,B,0T1D28T,,MMD,1,T1D28T,N,04/02,02/14,Y,0,N-NOM,,6
37,,Commit,,SWEDEN,N,,*,R,1AUC4A4,,22A,1,AR06YS,N,04/02,02/14,N,18932,N-NOM,,1
38,,Commit,,SWEDEN,N,,*,R,1AUC4A5,,22A,3,AR06YR,N,04/02,02/14,N,18932,N-NOM,,1
39,,Commit,,U KINGDOM,N,JOHN LEWIS,,R,1AUC4U7,BRG3,MHE,2,FK595K,N,04/02,02/14,Y,13001,N-NOM,,10
40,02/17,Commit,,U KINGDOM,Y,JOHN LEWIS,,R,1AUC415,,CR9,2,FK5954,N,04/02,02/14,N,1922,N-NOM,,1
41,,Commit,,U KINGDOM,N,JOHN LEWIS,,R,1AUC423,BRG3,MHE,2,FK595X,N,04/02,02/14,Y,13001,N-NOM,,10
42,02/17,Commit,,U KINGDOM,Y,JOHN LEWIS,,R,1AUC449,,CR9,2,FK596Z,N,04/02,02/14,N,1922,N-NOM,,1
43,02/17,Commit,,U KINGDOM,Y,JOHN LEWIS,,R,1AUC5C1,,CR9,2,FK598C,N,04/02,02/14,N,1922,N-NOM,,1
44,,Commit,,U KINGDOM,N,JOHN LEWIS,,R,1AUC5Q1,BRG3,MHE,2,FK5963,N,04/02,02/14,Y,13001,N-NOM,,10
45,02/17,Commit,,U KINGDOM,Y,JOHN LEWIS,,R,1AUC5Q6,,CR9,2,FK599H,N,04/02,02/14,N,1922,N-NOM,,1
46,,Commit,,U KINGDOM,N,JOHN LEWIS,,R,1AUC5Z6,BRG3,MHE,2,FK599U,N,04/02,02/14,Y,13001,N-NOM,,10
47,,Commit,,U KINGDOM,N,JOHN LEWIS,,R,1AUC5Z7,BRG3,MHE,2,FK598P,N,04/02,02/14,Y,13001,N-NOM,,10
48,,Commit,,CANADA,N,,*,R,1AUC552,BRZ,MHE,3,XB146T,N,04/02,03/15,Y,436186,N-NOM,,4
49,,Commit,,USA,N,,*,R,1AUC565,TUL3,44E,1,4BDJKM,N,04/02,03/22,N,83182,N-NOM,,1
50,,Commit,,USA,N,,*,R,1AUC571,TUL3,44E,1,4BDJMX,N,04/02,03/22,N,83182,N-NOM,,1
51,02/17,Commit,,U KINGDOM,Y,JOHN LEWIS,,R,1AUC683,,CR9,2,FK6AAF,N,04/02,02/14,N,1922,N-NOM,,1
52,02/17,Commit,,U KINGDOM,Y,JOHN LEWIS,,R,1AUC688,,CR9,2,FK6AAY,N,04/02,02/14,N,1922,N-NOM,,1
53,,Commit,,ITALY,N,,*,R,1AUC7B8,,42L,1,KB81K3,N,04/02,02/19,N,40010,N-NOM,,1
54,02/17,Commit,,ITALY,Y,COMPUTER GROSS ITALIA SPA,,R,1AUC7B9,,CR9,2,KB81K5,N,04/02,02/19,N,1500,N-NOM,,1
55,,Commit,,ITALY,N,,*,R,1AUC7E4,,22L,2,KB81LU,N,04/02,02/19,Y,137980,N-NOM,,3
56,,Commit,,ITALY,N,,*,R,1AUC7G6,,42L,1,KB81L7,N,04/02,02/19,N,40010,N-NOM,,1
57,,Commit,,U KINGDOM,N,JOHN LEWIS,,R,1AUC7K2,BRG3,MHE,2,FK5998,N,04/02,02/14,Y,13001,N-NOM,,10
58,02/17,Commit,,USA,Y,,*,R,1AUC9P8,,T42,1,4BDLJG,N,04/02,03/21,N,0,N-NOM,,1
59,02/17,Commit,,USA,Y,,*,R,1AUC9S5,,T42,1,4BDLMT,N,04/02,03/21,N,0,N-NOM,,1
60,,Commit,,USA,N,,*,R,1AUC905,EAST,22L,9,4BDMDM,N,04/02,03/22,Y,0,N-NOM,,6
61,,Commit,,USA,N,,*,R,1AUC907,EAST,22L,7,4BDMCG,N,04/02,03/22,Y,0,N-NOM,,4
62,,Commit,,RUSSIA,N,,*,R,1AUDAM1,BRZ,MHE,1,QE06U4,N,04/02,02/02,N,281916,N-NOM,,3
63,,Commit,,RUSSIA,N,,*,R,1AUDAQ3,BRZ,MHE,1,QE06VB,N,04/02,02/02,N,281916,N-NOM,,3
64,02/17,Commit,,SWEDEN,Y,,*,R,1AUDAS1,,GTG,1,AR0644,N,04/02,02/14,N,0,N-NOM,,1
65,,Commit,SHORT_00VN404,SWEDEN,N,KUNGLIGA TEKNISKA H GSKOLAN,,R,1AUDA01,EAST,22L,15,AR066Y,N,04/02,02/14,Y,5876,N-NOM,,9
66,,Commit,,U KINGDOM,N,JOHN LEWIS,,R,1AUDER1,,94Y,1,FH19AN,N,04/02,02/19,N,3062,N-NOM,,1
67,,Commit,,USA,N,,*,R,1AUDFG7,,22A,2,886YPC,P,04/02,03/22,N,24173,N-NOM,,1
68,02/17,Commit,,USA,Y,,*,R,1AUDFG8,,CR9,2,886YPS,N,04/02,03/22,N,0,N-NOM,,1
69,,Commit,,USA,N,,*,R,1AUDFG9,,22A,2,886YPW,P,04/02,03/22,N,24173,N-NOM,,1
70,,Commit,,USA,N,,*,R,1AUDFH1,,22A,2,886YQC,P,04/02,03/22,N,24173,N-NOM,,1
71,,Commit,,USA,N,,*,R,1AUDFH2,,22A,2,886YQQ,P,04/02,03/22,N,24173,N-NOM,,1
72,02/17,Commit,,USA,Y,,*,R,1AUDFH3,,CR9,2,886YQM,N,04/02,03/22,N,0,N-NOM,,1
73,,Commit,,USA,N,,*,R,1AUDFM3,GARI,GTB,3,4BDPKW,N,04/02,03/21,Y,51948,N-NOM,,4
74,,Commit,,RUSSIA,N,,*,R,1AUDGC1,,44E,1,QE06ZL,N,04/02,02/02,N,84394,N-NOM,,1
75,,Commit,SHORT_01KU189,FINLAND,N,,*,R,1AUDKP6,TUL3,44E,2,JQ391Y,N,04/02,02/14,N,84394,N-NOM,,1
76,,Commit,SHORT_01KU189,FINLAND,N,,*,R,1AUDKP7,TUL3,44E,2,JQ391Z,N,04/02,02/14,N,84394,N-NOM,,1
77,,Commit,SHORT_01KU189,FINLAND,N,,*,R,1AUDKR2,TUL3,44E,2,JQ392P,N,04/02,02/14,N,84394,N-NOM,,1
78,,Commit,SHORT_01KU189,FINLAND,N,,*,R,1AUDKR3,TUL3,44E,2,JQ392N,N,04/02,02/14,N,84394,N-NOM,,1
79,,Commit,SHORT_00UM257 & 00VK248,FINLAND,N,,*,R,1AUDKR7,,21L,2,JQ3927,N,04/02,02/14,Y,22960,N-NOM,,3
80,,Commit,,BELGIUM,N,,*,R,1AUDMJ7,,41A,1,BA8QDX,N,04/02,02/19,N,16296,N-NOM,,1
81,,Commit,,FRANCE,N,,*,R,1AUDM03,TUL3,42A,1,NJ55BN,N,04/02,02/16,N,46474,N-NOM,,1
82,,Commit,,USA,N,,*,R,1AUDNO4,TUL3,42A,2,887DDH,P,04/02,03/23,N,75842,N-NOM,,1
83,02/17,Commit,,USA,Y,,*,R,1AUDNO5,,CR9,2,887DFB,N,04/02,03/23,N,0,N-NOM,,1
84,,Commit,,USA,N,,*,R,1AUDNO6,TUL3,42A,2,887DCX,P,04/02,03/23,N,75842,N-NOM,,1
85,02/17,Commit,,USA,Y,,*,R,1AUDNO7,,CR9,2,887DFF,N,04/02,03/23,N,0,N-NOM,,1
86,,Commit,,USA,N,,*,R,1AUDNO8,TUL3,42A,2,887DDR,P,04/02,03/23,N,75842,N-NOM,,1
87,,Commit,,U KINGDOM,N,,*,R,1AUDNS3,GARI,GTB,1,JF6120,N,04/02,02/14,N,31342,N-NOM,,1
88,,Commit,,DENMARK,N,,*,R,1AUDN17,BRZ,MHE,1,KI543M,N,04/02,02/14,N,281916,N-NOM,,3
89,,Commit,,DENMARK,N,,*,R,1AUDN21,BRZ,MHE,1,KI543U,N,04/02,02/14,N,281916,N-NOM,,3
90,,Commit,,USA,N,,*,R,1AUDN92,BR12,MHE,4,4BDRWS,P,04/02,03/21,Y,436186,N-NOM,,15
91,,Commit,,USA,N,,*,R,1AUDN99,BR12,MHE,4,4BDRVT,P,04/02,03/21,Y,436186,N-NOM,,15
92,02/17,Commit,,USA,Y,,*,R,1AUDOR5,,GTG,4,4BDSGB,N,04/02,03/22,Y,0,N-NOM,,3
93,,Commit,,USA,N,,*,R,1AUDOS5,,42A,2,887GMG,P,04/02,03/21,N,75842,N-NOM,,1
94,,Commit,CTB,USA,N,,*,R,1AUDOT8,,44E,2,887GNP,P,04/02,03/21,N,83182,N-NOM,,1
95,,Commit,CTB,USA,N,,*,R,1AUDOU3,,44E,2,887GNY,P,04/02,03/21,N,83182,N-NOM,,1
96,,Commit,,FRANCE,N,,*,R,1AUDPQ4,,GTG,1,NJ78YH,N,04/02,02/16,N,0,N-NOM,,1
97,,Commit,CTB,BELGIUM,N,,*,R,1AUDPZ6,,GTG,1,BA8QKY,N,04/02,02/14,N,0,N-NOM,,1
98,,Commit,,USA,N,,*,R,1AUDQG6,EAST,22L,7,4BDLHJ,N,04/02,03/21,Y,0,N-NOM,,4
99,,Commit,,USA,N,,*,R,1AUDQM3,EAST,22L,7,4BDLMD,N,04/02,03/21,Y,0,N-NOM,,4
100,02/17,Commit,,USA,Y,,*,R,1AUDRD5,,GTG,1,887JCQ,N,04/02,03/21,N,0,N-NOM,,1
101,,Commit,SHORT_00VK292,USA,N,,*,R,1AUDRQ6,,22A,2,4BDVDB,P,04/02,03/22,N,24173,N-NOM,,1
102,,Commit,,USA,N,,*,R,1AUDR05,,42A,3,887JSS,N,04/02,03/21,N,75842,N-NOM,,1
103,02/17,Commit,,USA,Y,,*,R,1AUDUN4,,T42,1,4BDWBZ,N,04/02,03/22,N,0,N-NOM,,1
104,,Commit,SHORT_00VK307,BELGIUM,N,,*,R,1AUDUW6,,41A,1,BD1QUD,N,04/02,02/19,N,16296,N-NOM,,1
105,,Commit,,BELGIUM,N,,*,R,1AUDU57,,41A,1,BD1QWF,N,04/02,02/19,N,16296,N-NOM,,1
106,,Commit,,BELGIUM,N,CARWALL SA,,R,1AUDU79,,41A,3,BD1QW9,N,04/02,02/19,N,1922,N-NOM,,2
107,,Commit,CTB,USA,N,,*,R,1AUDVG4,,22A,2,4BDWHG,P,04/02,03/22,N,24173,N-NOM,,1
108,,Commit,CTB,USA,N,,*,R,1AUDVG5,,22A,2,4BDWGZ,P,04/02,03/22,N,24173,N-NOM,,1
109,,Commit,SHORT_00VK292,USA,N,,*,R,1AUDVG6,,22A,2,4BDWHM,P,04/02,03/22,N,24173,N-NOM,,1
110,,Commit,CTB,USA,N,,*,R,1AUDVK5,,22A,16,887CNH,P,04/02,03/21,Y,193384,N-NOM,,9
111,,Commit,,DENMARK,N,JN DATA A/S,,R,1AUDV11,EAST,22L,10,HZ8818,N,04/02,02/14,Y,3885,N-NOM,,6
112,,Commit,,DENMARK,N,JN DATA A/S,,R,1AUDV12,EAST,22L,10,HZ882Y,N,04/02,02/14,Y,3885,N-NOM,,6
113,,Commit,SHORT_00VK292,U KINGDOM,N,,*,R,1AUDYI2,,22A,2,JF359Z,P,04/02,02/14,N,18932,N-NOM,,1
114,,Commit,SHORT_00VK292,U KINGDOM,N,,*,R,1AUDYI3,,22A,2,JF359Y,P,04/02,02/14,N,18932,N-NOM,,1
115,02/17,Commit,,U KINGDOM,Y,QVC,,R,1AUDYI4,,CR9,2,JF359V,N,04/02,02/14,N,1922,N-NOM,,1
116,02/17,Commit,,U KINGDOM,Y,QVC,,R,1AUDYI5,,CR9,2,JF359U,N,04/02,02/14,N,1922,N-NOM,,1
117,,Commit,,USA,N,,*,R,1AUDZB8,TUL3,44E,2,887SYG,P,04/02,03/21,N,83182,N-NOM,,3
118,,Commit,,USA,N,,*,R,1AUDZB9,TUL3,44E,2,887TBX,P,04/02,03/21,N,83182,N-NOM,,3
119,,Commit,,USA,N,,*,R,1AUDZC1,TUL3,44E,2,887TBD,P,04/02,03/21,N,83182,N-NOM,,3
120,,Commit,,USA,N,,*,R,1AUDZC2,TUL3,44E,2,887SYZ,P,04/02,03/21,N,83182,N-NOM,,3
121,,Commit,,USA,N,,*,R,1AUDZC3,TUL3,44E,2,887SYQ,P,04/02,03/21,N,83182,N-NOM,,3
122,,Commit,,USA,N,,*,R,1AUDZC4,TUL3,44E,2,887SZT,P,04/02,03/21,N,83182,N-NOM,,3
123,,Commit,,USA,N,,*,R,1AUDZC5,TUL3,44E,2,887SZK,P,04/02,03/21,N,83182,N-NOM,,3
124,,Commit,,USA,N,,*,R,1AUDZC6,TUL3,44E,2,887TBN,P,04/02,03/21,N,83182,N-NOM,,3
125,02/17,Commit,,USA,Y,,*,R,1AUD0R3,,GTG,1,4BDXNP,N,04/02,03/21,N,0,N-NOM,,1
126,,Commit,,CANADA,N,,*,R,1AUEHS9,,44E,2,XB426T,P,04/02,03/16,N,83182,N-NOM,,1
127,,Commit,,USA,N,,*,R,1AUEI14,TUL3,44E,2,888LCD,P,04/02,03/22,N,83182,N-NOM,,1
128,,Commit,,USA,N,,*,R,1AUEI15,TUL3,44E,2,888LCQ,P,04/02,03/22,N,83182,N-NOM,,1
129,,Commit,,CANADA,N,,*,R,1AUEK39,,22A,2,XB429R,P,04/02,03/16,N,24173,N-NOM,,1
130,,Commit,,ARGENTINA,N,,*,R,1AUEK71,TUL3,44E,1,888MCN,N,04/02,03/16,N,96088,N-NOM,,2
131,,Commit,,ARGENTINA,N,,*,R,1AUEK72,TUL3,44E,1,888MCW,N,04/02,03/16,N,96088,N-NOM,,2
132,,Commit,,ARGENTINA,N,,*,R,1AUEK73,TUL3,44E,1,888MCB,N,04/02,03/16,N,96088,N-NOM,,2
133,02/17,Commit,,ARGENTINA,Y,,*,R,1AUEK74,,CR9,1,888MDF,N,04/02,03/16,N,0,N-NOM,,1
134,,Commit,,ARGENTINA,N,,*,R,1AUEK75,TUL3,44E,1,888MDJ,N,04/02,03/16,N,96088,N-NOM,,2
135,02/17,Commit,,ARGENTINA,Y,,*,R,1AUEK76,,CR9,3,888MCK,N,04/02,03/16,N,0,N-NOM,,1
136,,Commit,,TURKEY,N,,*,R,1AUELW5,,22A,2,GV8EK4,P,04/02,02/16,N,16916,N-NOM,,1
137,,Commit,,TURKEY,N,,*,R,1AUELW7,,22A,2,GV8EK5,P,04/02,02/16,N,16916,N-NOM,,1
138,,Commit,,TURKEY,N,,*,R,1AUEL35,,22A,2,GV8EK6,P,04/02,02/16,N,16916,N-NOM,,1
139,,Commit,,RUSSIA,N,,*,R,1AUEL86,,44E,1,QE176S,N,04/02,02/02,N,84394,N-NOM,,1
140,,Commit,,COLUMBIA,N,,*,R,1AUEME7,,22A,2,888MNS,P,04/02,03/16,N,18225,N-NOM,,1
141,02/17,Commit,,COLUMBIA,Y,,*,R,1AUEME8,,CR9,2,888MMQ,N,04/02,03/16,N,0,N-NOM,,1
142,,Commit,,COLUMBIA,N,,*,R,1AUEME9,,22A,2,888MND,P,04/02,03/16,N,18225,N-NOM,,1
143,,Commit,,COLUMBIA,N,,*,R,1AUEMF1,,22A,2,888MMT,P,04/02,03/16,N,18225,N-NOM,,1
144,,Commit,,ECUADOR,N,,*,R,1AUEMF7,,22A,2,888MKQ,P,04/06,03/13,N,18225,N-NOM,,1
145,,Commit,,ECUADOR,N,,*,R,1AUEMF8,,22A,2,888MKZ,P,04/06,03/13,N,18225,N-NOM,,1
146,02/17,Commit,,ECUADOR,Y,,*,R,1AUEMF9,,CR9,1,888MLJ,N,04/06,03/13,N,0,N-NOM,,1
147,02/17,Commit,,ECUADOR,Y,,*,R,1AUEMG1,,CR9,1,888MKN,N,04/06,03/13,N,0,N-NOM,,1
148,,Commit,,ECUADOR,N,,*,R,1AUEMG2,,22A,2,888MJX,P,04/06,03/13,N,18225,N-NOM,,1
149,,Commit,,USA,N,,*,R,1AUEMG5,TUL3,41A,1,888NMN,I,04/02,03/22,N,14362,N-NOM,,1
150,,Commit,,U KINGDOM,N,,*,R,1AUEMW5,TUL3,44E,2,FL3975,P,04/02,02/14,N,84394,N-NOM,,1
151,,Commit,,U KINGDOM,N,HPI LTD,,R,1AUEMW6,TUL3,44E,6,FL3976,P,04/02,02/14,N,3844,N-NOM,,1
152,02/17,Commit,,U KINGDOM,Y,NHS LANARKSHIRE,,R,1AUEM97,,T00,1,FL4ABM,N,04/02,02/14,N,3363,N-NOM,,1
153,02/17,Commit,,U KINGDOM,Y,NHS LANARKSHIRE,,R,1AUENA1,,T00,1,FL4AAL,N,04/02,02/14,N,3363,N-NOM,,1
154,02/17,Commit,,U KINGDOM,Y,NHS LANARKSHIRE,,R,1AUENC6,,T00,1,FL4ABY,N,04/02,02/14,N,3363,N-NOM,,1
155,02/17,Commit,,U KINGDOM,Y,NHS LANARKSHIRE,,R,1AUENE4,,T00,1,FL4AB8,N,04/02,02/14,N,3363,N-NOM,,1
156,02/17,Commit,,CHILE,Y,,*,R,1AUENS9,,CR9,2,888NTJ,N,04/03,03/16,N,0,N-NOM,,1
157,,Commit,,CANADA,N,,*,R,1AUEN21,,41A,1,XB41ZD,N,04/02,03/14,N,14362,N-NOM,,1
158,02/17,Commit,,ECUADOR,Y,,*,R,1AUEOI3,,CR9,1,888NVH,N,04/02,03/13,N,0,N-NOM,,1
159,,Commit,,ECUADOR,N,,*,R,1AUEOI4,,22L,1,888NVK,N,04/02,03/13,N,101993,N-NOM,,1
160,,Commit,,ECUADOR,N,,*,R,1AUEOI5,,22L,1,888NTV,N,04/02,03/13,N,101993,N-NOM,,1
161,,Commit,,NETHERLAND,N,,*,R,1AUEO13,,22A,4,KF5RHZ,P,04/02,02/14,N,18932,N-NOM,,1
162,,Commit,,NETHERLAND,N,,*,R,1AUEO14,,22A,2,KF5RHY,P,04/02,02/14,N,18932,N-NOM,,1
163,,Commit,,USA,N,,*,R,1AUEO73,,22A,3,888PYP,N,04/02,03/22,Y,72519,N-NOM,,4
164,,Commit,,CHILE,N,,*,R,1AUEPE6,,44E,1,888PKP,N,04/02,03/16,N,96088,N-NOM,,1
165,02/17,Commit,,CHILE,Y,,*,R,1AUEPE7,,CR9,2,888PJX,N,04/02,03/16,N,0,N-NOM,,1
166,,Commit,,CHILE,N,,*,R,1AUEPE8,,44E,1,888PKB,N,04/02,03/16,N,96088,N-NOM,,1
167,,Commit,,CHILE,N,,*,R,1AUEPE9,,44E,1,888PLT,N,04/02,03/16,N,96088,N-NOM,,1
168,,Commit,,CHILE,N,,*,R,1AUEPF1,,44E,1,888PLG,N,04/02,03/16,N,96088,N-NOM,,1
169,02/17,Commit,,CHILE,Y,,*,R,1AUEPF2,,CR9,2,888PLC,N,04/02,03/16,N,0,N-NOM,,1
170,02/17,Commit,,CHILE,Y,,*,R,1AUEPF6,,CR9,2,888PWT,N,04/02,03/16,N,0,N-NOM,,1
171,02/17,Commit,,CHILE,Y,,*,R,1AUEPF7,,CR9,2,888PXB,N,04/02,03/16,N,0,N-NOM,,1
172,02/17,Commit,,CHILE,Y,,*,R,1AUEPF8,,CR9,2,888PWX,N,04/02,03/16,N,0,N-NOM,,1
173,,Commit,,USA,N,,*,R,1AUEPJ3,BRZ,MME,1,888QPJ,N,04/02,03/21,N,181039,N-NOM,,3
174,,Commit,,USA,N,,*,R,1AUEPJ4,BRZ,MME,1,888QPD,N,04/02,03/21,N,181039,N-NOM,,3
175,,Commit,,CHILE,N,,*,R,1AUEPM2,TUL3,41A,1,888PST,N,04/02,03/16,N,18320,N-NOM,,1
176,,Commit,,CHILE,N,,*,R,1AUEPM3,TUL3,41A,1,888PRT,N,04/02,03/16,N,18320,N-NOM,,1
177,,Commit,,CHILE,N,,*,R,1AUEPM4,TUL3,41A,1,888PTT,N,04/02,03/16,N,18320,N-NOM,,1
178,,Commit,,CHILE,N,,*,R,1AUEPM5,TUL3,41A,1,888PVJ,N,04/02,03/16,N,18320,N-NOM,,1
179,,Commit,,DENMARK,N,,*,R,1AUERH5,TUL3,44E,1,KI656X,N,04/02,02/14,N,84394,N-NOM,,1
180,,Commit,,DENMARK,N,,*,R,1AUERH6,TUL3,44E,1,KI656W,N,04/02,02/14,N,84394,N-NOM,,1
181,,Commit,,DENMARK,N,,*,R,1AUERH7,TUL3,44E,1,KI656V,N,04/02,02/14,N,84394,N-NOM,,1
182,,Commit,,DENMARK,N,,*,R,1AUERH8,TUL3,44E,1,KI656U,N,04/02,02/14,N,84394,N-NOM,,1
183,,Commit,,CANADA,N,,*,R,1AUESR6,,22A,2,XB483Z,P,04/02,03/15,N,24173,N-NOM,,1
184,,Commit,,USA,N,,*,R,1AUESR8,TUL3,41A,1,888SMN,I,04/02,03/22,N,14362,N-NOM,,1
185,,Commit,,CANADA,N,,*,R,1AUESS1,,22A,2,XB4834,P,04/02,03/15,N,24173,N-NOM,,1
186,,Commit,,CANADA,N,,*,R,1AUESS4,,22A,2,XB4839,P,04/02,03/15,N,24173,N-NOM,,1
187,,Commit,,CANADA,N,,*,R,1AUESS5,,22A,2,XB484E,P,04/02,03/15,N,24173,N-NOM,,1
188,,Commit,,CANADA,N,,*,R,1AUESS7,,22A,2,XB484K,P,04/02,03/15,N,24173,N-NOM,,1
189,,Commit,,FRANCE,N,KERING,,R,1AUETW5,BRG3,MHE,4,CB04Y3,N,04/02,02/16,Y,11175,N-NOM,,6
190,,Commit,,FRANCE,N,KERING,,R,1AUETW6,BRG3,MHE,4,CB04ZD,N,04/02,02/16,Y,11175,N-NOM,,6
191,,Commit,,SPAIN,N,,*,R,1AUEUU7,BRZ,MME,1,QO32Z0,N,04/02,02/14,N,217646,N-NOM,,3
192,,Commit,,SPAIN,N,,*,R,1AUEUU8,BRZ,MME,1,QO320S,N,04/02,02/14,N,217646,N-NOM,,3
193,,Commit,,USA,N,,*,R,1AUEUX8,BRZ,MME,3,4BFTNJ,P,04/02,03/21,Y,181039,N-NOM,,8
194,,Commit,,USA,N,,*,R,1AUEUZ5,BRZ,MME,3,4BFTPP,P,04/02,03/21,Y,181039,N-NOM,,8
195,,Commit,,USA,N,,*,R,1AUEU35,BRZ,MME,3,4BFTNY,P,04/02,03/21,Y,181039,N-NOM,,8
196,,Commit,,USA,N,,*,R,1AUEV87,BRZ,MME,3,4BFTTH,P,04/02,03/23,Y,181039,N-NOM,,8
197,,Commit,,USA,N,,*,R,1AUEV88,BRZ,MME,3,4BFTSB,P,04/02,03/23,Y,181039,N-NOM,,8
198,,Commit,,USA,N,,*,R,1AUEV89,BRZ,MME,3,4BFTSR,P,04/02,03/23,Y,181039,N-NOM,,8
199,,Commit,,SOUTH KORE,N,,*,R,1AUEWJ3,GARI,GTB,1,KC520W,N,04/02,02/14,N,59035,N-NOM,,1
200,,Commit,,SPAIN,N,EXCMO. AYUNTAMIENTO DE ELCHE,,R,1AUEXF7,,41A,2,BW1X20,N,04/02,02/14,Y,3148,N-NOM,,2
201,,Commit,,NIGERIA,N,,*,P,1AUEXG1,BRG3,MHE,12,A1U58J,N,04/02,02/12,Y,1417124,N-NOM,,40
202,,Commit,,SPAIN,N,EXCMO. AYUNTAMIENTO DE ELCHE,,R,1AUEXH2,,41A,3,BW1X29,N,04/02,02/14,Y,3148,N-NOM,,2
203,,Commit,,U KINGDOM,N,,*,R,1AUEXJ7,TUL3,41A,2,FH792M,P,04/02,02/14,N,16296,N-NOM,,2
204,,Commit,,U KINGDOM,N,,*,R,1AUEXK3,TUL3,41A,2,FH7937,P,04/02,02/14,N,16296,N-NOM,,2
205,,Commit,,U KINGDOM,N,,*,R,1AUEXK6,TUL3,41A,1,FH7935,N,04/02,02/14,N,16296,N-NOM,,2
206,,Commit,,U KINGDOM,N,,*,R,1AUEXL4,,22A,2,FH795T,P,04/02,02/14,N,18932,N-NOM,,1
207,02/17,Commit,,NETHERLAND,Y,DIENST UITVOERING ONDERWIJS,,R,0BP9E2P,BRZ,MME,1,BP9E2P,N,04/02,02/14,N,30399,N-NOM,,1
208,02/17,Commit,,NETHERLAND,Y,DIENST UITVOERING ONDERWIJS,,R,0BP9E2T,BRZ,MME,1,BP9E2T,N,04/02,02/14,N,30399,N-NOM,,1
209,,Commit,,USA,N,,*,R,0BQF523,BRG3,MHU,1,BQF523,N,04/02,03/22,Y,0,N-NOM,,8
210,,Commit,,USA,N,,*,R,0BQG621,,MMU,1,BQG621,N,04/02,03/22,N,0,N-NOM,,3
211,,Commit,,USA,N,,*,R,0BQG622,,MMU,1,BQG622,N,04/02,03/22,N,0,N-NOM,,3
212,,Commit,,USA,N,,*,R,0BQG623,,MMU,1,BQG623,N,04/02,03/22,N,0,N-NOM,,3
213,,Commit,,USA,N,,*,R,0BQG624,,MMU,1,BQG624,N,04/02,03/22,N,0,N-NOM,,3
214,,Commit,,USA,N,,*,R,0BQG669,TUL3,41A,1,BQG669,N,04/02,03/22,N,14362,N-NOM,,2
215,,Commit,,USA,N,,*,R,0BQG670,TUL3,41A,1,BQG670,N,04/02,03/23,N,14362,N-NOM,,2
216,02/17,Commit,,USA,Y,,*,R,0H30735,BRG3,MME,1,H30735,N,04/02,03/22,N,181039,N-NOM,,4
217,02/17,Commit,,USA,Y,,*,R,0H30748,BRG3,MME,1,H30748,N,04/02,03/22,N,181039,N-NOM,,4
218,,Commit,,U KINGDOM,N,,*,R,1AUEXL5,TUL3,41A,1,FH795R,N,04/02,02/14,N,16296,N-NOM,,2
219,,Commit,,U KINGDOM,N,,*,R,1AUEXM4,TUL3,41A,2,FH7955,P,04/02,02/14,N,16296,N-NOM,,2
220,02/17,Commit,,S AFRICA,Y,,*,P,1AUEX92,,T42,1,A1U5DH,N,04/02,02/16,N,0,N-NOM,,1
221,02/17,Commit,,S AFRICA,Y,,*,P,1AUEX96,,T42,1,A1U5E8,N,04/02,02/16,N,0,N-NOM,,1
222,,Commit,,USA,N,,*,R,1AUEYJ6,TUL3,42A,2,888YMR,P,04/02,03/23,N,75842,N-NOM,,1
223,,Commit,,USA,N,,*,R,1AUEYJ7,TUL3,42A,2,888YLX,P,04/02,03/23,N,75842,N-NOM,,1
224,,Commit,,USA,N,,*,R,1AUEYJ8,TUL3,42A,2,888YMH,P,04/02,03/23,N,75842,N-NOM,,1
225,,Commit,,USA,N,,*,R,1AUEYJ9,TUL3,42A,6,888YNB,P,04/02,03/23,N,75842,N-NOM,,1
226,,Commit,,EGYPT,N,,*,P,1AUEZD2,TUL3,44E,5,A1U5VF,N,04/02,02/07,Y,326354,N-NOM,,4
227,,Commit,,U KINGDOM,N,,*,R,1AUEZK6,TUL3,22A,2,FH797L,P,04/02,02/14,N,18932,N-NOM,,2
228,,Commit,,USA,N,,*,R,1AUE002,,44E,2,888ZQQ,P,04/02,03/23,N,83182,N-NOM,,1
229,02/17,Commit,,USA,Y,,*,R,1AUE038,GARI,GTB,4,4BFYCJ,N,04/02,03/22,Y,69264,N-NOM,,5
230,,Commit,,GREECE,N,,*,P,1AUE1H8,TUL3,42A,1,A1U6NH,N,04/02,02/16,N,46474,N-NOM,,2
231,,Commit,,GREECE,N,,*,P,1AUE1I2,TUL3,42A,1,A1U6N6,N,04/02,02/16,N,46474,N-NOM,,2
232,,Commit,,PAKISTAN,N,,*,P,0T1D3WD,BRZ,MME,1,T1D3WD,N,04/02,02/02,N,177033,N-NOM,,1
233,,Commit,,CANADA,N,,*,R,0XY90TL,BRZ,MME,1,XY90TL,N,04/02,03/15,N,181039,N-NOM,,1
234,,Commit,,CANADA,N,,*,R,0XY90TN,BRZ,MME,1,XY90TN,N,04/02,03/15,N,181039,N-NOM,,1
235,,Commit,,CANADA,N,,*,R,0XY90TR,BRZ,MME,1,XY90TR,N,04/02,03/15,N,181039,N-NOM,,1
236,02/17,Commit,,USA,Y,,*,R,1AT9J38,GARI,GTB,4,881XXK,N,04/02,03/22,Y,69264,N-NOM,,5
237,,Commit,,USA,N,,*,R,1AT9WH7,,21L,4,882JFX,N,04/02,03/22,Y,17080,N-NOM,,3
238,,Commit,,USA,N,,*,R,1AT9WO2,,44E,2,3ZYXFR,P,04/02,03/21,N,83182,N-NOM,,1
239,,Commit,,USA,N,,*,R,1AUABH8,TUL3,42A,1,882TLD,N,04/02,03/22,N,75842,N-NOM,,1
240,02/17,Commit,,USA,Y,,*,R,1AUABH9,,CR9,2,882TKZ,N,04/02,03/22,N,0,N-NOM,,1
241,,Commit,,USA,N,,*,R,1AUAFH5,TUL3,41A,1,882VFQ,N,04/09,03/22,N,14362,N-NOM,,2
242,02/17,Commit,,USA,Y,,*,R,1AUAFH6,,CR9,1,882VFN,N,04/09,03/22,N,0,N-NOM,,1
243,,Commit,,USA,N,,*,R,1AUAGG1,TUL3,41A,1,882VGP,N,04/09,03/22,N,14362,N-NOM,,2
244,02/17,Commit,,USA,Y,,*,R,1AUAGG2,,CR9,2,882VHD,N,04/09,03/22,N,0,N-NOM,,1
245,02/17,Commit,,USA,Y,,*,R,1AUBXQ1,,T42,1,884YVG,N,04/02,03/22,N,0,N-NOM,,1
246,,Commit,,ITALY,N,,*,R,1AUCEX4,,44E,2,KB4MZG,P,04/02,02/19,N,84394,N-NOM,,1
247,,Commit,,USA,N,,*,R,1AUCJO2,,CR9,4,885TTP,N,04/02,03/23,Y,75842,N-NOM,,3
248,,Commit,SHORT_01KU756,SPAIN,N,,*,R,1AUCOT8,,44E,1,JV2997,N,04/02,02/14,N,84394,N-NOM,,1
249,,Commit,SHORT_01KU756,SPAIN,N,,*,R,1AUCOT9,,44E,1,JV2998,N,04/02,02/14,N,84394,N-NOM,,1
250,,Commit,,USA,N,,*,R,1AUCRA9,,22A,6,886BSS,P,04/02,03/21,Y,72519,N-NOM,,4
251,,Commit,,USA,N,,*,R,1AUCRZ6,BRZ,MHE,2,886DJC,N,04/02,03/21,Y,436186,N-NOM,,4
252,,Commit,,USA,N,,*,R,1AUCS92,BRZ,MME,2,886CBH,P,04/02,03/21,N,181039,N-NOM,,5
253,,Commit,,USA,N,,*,R,1AUCS95,BRZ,MHE,2,886CDL,P,04/02,03/21,N,436186,N-NOM,,5
254,,Commit,SHORT_PN,ABUDHABI,N,,*,R,1AUCTB7,,42A,2,LZ824Z,P,04/02,02/06,N,44025,N-NOM,,1
255,,Commit,SHORT_PN,ABUDHABI,N,,*,R,1AUCTB8,,42A,2,LZ8240,P,04/02,02/06,N,44025,N-NOM,,1
256,,Commit,SHORT_PN,ABUDHABI,N,,*,R,1AUCTB9,,42A,2,LZ824Y,P,04/02,02/06,N,44025,N-NOM,,1
257,,Commit,,CANADA,N,,*,R,1AUCTT8,,22A,5,XB184M,N,04/04,03/16,Y,48346,N-NOM,,3
258,,Commit,ESS,USA,N,,*,R,1AUCV32,EAST,22L,10,4BCYNS,N,04/02,03/21,Y,0,N-NOM,,7
259,,Commit,CTB,USA,N,,*,R,1AUCV39,EAST,22L,10,4BCYQT,N,04/02,03/21,Y,0,N-NOM,,7
260,,Commit,CTB,SWEDEN,N,,*,R,1AUCYL1,,22A,3,AR245A,N,04/02,02/14,N,18932,N-NOM,,1
261,,Commit,SHORT_00VK292,SWEDEN,N,,*,R,1AUCYL2,,22A,1,AR2449,N,04/02,02/14,N,18932,N-NOM,,1
262,02/17,Commit,,CANADA,Y,,*,R,1AUCYN8,,CR9,2,XB1891,N,04/02,03/12,N,0,N-NOM,,1
263,02/17,Commit,,CANADA,Y,,*,R,1AUCYS7,,CR9,2,XB14YK,N,04/02,03/15,N,0,N-NOM,,1
264,,Commit,,CANADA,N,,*,R,1AUCYS8,,41A,2,XB14YM,P,04/02,03/15,N,14362,N-NOM,,1
265,,Commit,CSC,USA,N,,*,R,1AUC023,EAST,22L,10,4BCYTD,N,04/02,03/21,Y,0,N-NOM,,7
266,,Commit,CTB,FRANCE,N,PEUGEOT CA BY SCC,,R,1AUC064,,44E,4,NJ270H,P,04/02,02/16,N,1988,N-NOM,,1
267,,Commit,,USA,N,,*,R,1AUC085,EAST,22L,10,4BCYPC,N,04/02,03/21,Y,0,N-NOM,,7
268,,Commit,,CANADA,N,,*,R,1AUC1J6,,41A,2,XB1893,P,04/02,03/12,N,14362,N-NOM,,1
269,,Commit,,USA,N,,*,R,1AUC1Z7,,22A,1,886LJG,N,04/02,03/22,N,24173,N-NOM,,1
270,,Commit,,GREECE,N,,*,P,1AUE1I4,,42A,1,A1U6MS,N,04/02,02/16,N,46474,N-NOM,,1
271,,Commit,,GREECE,N,,*,P,1AUE1I5,TUL3,42A,1,A1U6NY,N,04/02,02/16,N,46474,N-NOM,,2
272,02/17,Commit,,RUSSIA,Y,,*,R,1AUE1J7,,T42,1,QE19GC,N,04/02,02/02,N,0,N-NOM,,1
273,02/17,Commit,,RUSSIA,Y,,*,R,1AUE1L8,,T42,1,QE19HU,N,04/02,02/02,N,0,N-NOM,,1
274,,Commit,,USA,N,,*,R,1AUE118,TUL3,42A,2,889BDZ,P,04/02,03/23,N,75842,N-NOM,,1
275,,Commit,,USA,N,,*,R,1AUE119,TUL3,42A,2,889BFX,P,04/02,03/21,N,75842,N-NOM,,1
276,,Commit,,USA,N,,*,R,1AUE136,TUL3,42A,2,889BGW,P,04/02,03/21,N,75842,N-NOM,,1
277,,Commit,,USA,N,,*,R,1AUE151,TUL3,42A,2,889BMV,P,04/02,03/23,N,75842,N-NOM,,1
278,,Commit,,USA,N,,*,R,1AUE152,TUL3,42A,2,889BMJ,P,04/02,03/23,N,75842,N-NOM,,1
279,,Commit,,CANADA,N,,*,R,1AUE157,BRZ,MME,2,XB40YM,N,04/02,03/13,N,181039,N-NOM,,6
280,,Commit,,CANADA,N,,*,R,1AUE158,BRZ,MME,1,XB40YR,N,04/02,03/13,N,181039,N-NOM,,6
281,,Commit,,POLAND,N,,*,R,1AUE2A6,TUL3,22A,2,UX8VIK,P,04/02,02/14,N,18932,N-NOM,,1
282,,Commit,,POLAND,N,,*,R,1AUE2A7,TUL3,22A,2,UX8VIJ,P,04/02,02/14,N,18932,N-NOM,,1
283,,Commit,,POLAND,N,,*,R,1AUE2A8,TUL3,22A,2,GR79SC,P,04/02,02/14,N,18932,N-NOM,,1
284,,Commit,,POLAND,N,,*,R,1AUE2A9,,22L,2,GR79R9,N,04/02,02/14,N,68990,N-NOM,,1
285,02/17,Commit,,POLAND,Y,,*,R,1AUE2B1,,CR9,3,UX8VIN,N,04/02,02/14,Y,0,N-NOM,,2
286,,Commit,,POLAND,N,,*,R,1AUE2B2,,22L,2,GR79SB,N,04/02,02/14,N,68990,N-NOM,,1
287,,Commit,,POLAND,N,,*,R,1AUE2B3,,22L,2,GR79SA,N,04/02,02/14,N,68990,N-NOM,,1
288,,Commit,,TURKEY,N,,*,P,1AUE2L2,,22A,2,A1U6VH,P,12/18,02/16,N,16916,N-NOM,,1
289,,Commit,,TURKEY,N,,*,P,1AUE2L3,,22A,2,A1U6VP,P,12/18,02/16,N,16916,N-NOM,,1
290,,Commit,,TURKEY,N,,*,P,1AUE2L5,,22A,2,A1U6VV,P,12/18,02/16,N,16916,N-NOM,,1
291,,Commit,,TURKEY,N,,*,P,1AUE2L6,,22A,2,A1U6VB,P,12/18,02/16,N,16916,N-NOM,,1
292,,Commit,,TURKEY,N,,*,P,1AUE2L7,,22A,2,A1U6WD,P,12/18,02/16,N,16916,N-NOM,,1
293,,Commit,,TURKEY,N,,*,P,1AUE2L8,,22A,2,A1U6W7,P,12/18,02/16,N,16916,N-NOM,,1
294,,Commit,,USA,N,,*,R,1AUE2M3,TUL3,42A,2,889BHZ,P,04/03,03/21,N,75842,N-NOM,,1
295,,Commit,,USA,N,,*,R,1AUE2M4,TUL3,42A,2,889BNH,P,04/03,03/22,N,75842,N-NOM,,4
296,,Commit,,USA,N,,*,R,1AUE2M5,TUL3,41A,1,889BNZ,N,04/11,03/23,N,14362,N-NOM,,2
297,,Commit,,U KINGDOM,N,,*,R,1AUE2N6,TUL3,41A,2,FH720Z,P,04/02,02/14,N,16296,N-NOM,,2
298,,Commit,,U KINGDOM,N,,*,R,1AUE2O5,TUL3,41A,2,FH7201,P,04/02,02/14,N,16296,N-NOM,,2
299,,Commit,,RUSSIA,N,,*,R,1AUE2O6,,44E,1,QE19HX,N,04/02,02/02,N,84394,N-NOM,,1
300,,Commit,,U KINGDOM,N,,*,R,1AUE2R6,TUL3,44E,6,FH723J,P,04/02,02/02,N,84394,N-NOM,,1
301,,Commit,,U KINGDOM,N,,*,R,1AUE2R7,TUL3,44E,2,FH723H,P,04/02,02/02,N,84394,N-NOM,,1
302,,Commit,,RUSSIA,N,,*,R,1AUE2T6,,44E,1,QE19H4,N,04/02,02/02,N,84394,N-NOM,,1
303,,Commit,,RUSSIA,N,,*,R,1AUE2T7,,44E,1,QE19IJ,N,04/02,02/02,N,84394,N-NOM,,1
304,,Commit,,RUSSIA,N,,*,R,1AUE2T8,,44E,1,QE19IB,N,04/02,02/02,N,84394,N-NOM,,1
305,,Commit,,RUSSIA,N,,*,R,1AUE2T9,,44E,1,QE19I6,N,04/02,02/02,N,84394,N-NOM,,1
306,,Commit,,RUSSIA,N,,*,R,1AUE2U1,,44E,1,QE19IS,N,04/02,02/02,N,84394,N-NOM,,1
307,,Commit,,RUSSIA,N,,*,R,1AUE2U2,,44E,1,QE19IZ,N,04/02,02/02,N,84394,N-NOM,,1
308,,Commit,,RUSSIA,N,,*,R,1AUE2U3,,44E,1,QE19JD,N,04/02,02/02,N,84394,N-NOM,,1
309,,Commit,,RUSSIA,N,,*,R,1AUE2U6,,44E,1,QE19J1,N,04/02,02/02,N,84394,N-NOM,,1
310,,Commit,,RUSSIA,N,,*,R,1AUE2U7,,44E,1,QE19J8,N,04/02,02/02,N,84394,N-NOM,,1
311,,Commit,,RUSSIA,N,,*,R,1AUE2U8,,44E,1,QE19JL,N,04/02,02/02,N,84394,N-NOM,,1
312,,Commit,,RUSSIA,N,,*,R,1AUE2U9,,44E,1,QE19JU,N,04/02,02/02,N,84394,N-NOM,,1
313,,Commit,,USA,N,,*,R,1AUE2W2,,44E,1,889BXL,N,04/02,03/21,N,83182,N-NOM,,1
314,,Commit,,USA,N,,*,R,1AUE2W3,,44E,1,889BXB,N,04/02,03/21,N,83182,N-NOM,,1
315,,Commit,,USA,N,,*,R,1AUE2W4,,44E,1,889BZC,N,04/02,03/21,N,83182,N-NOM,,1
316,,Commit,,USA,N,,*,R,1AUE2W5,,44E,1,889BYS,N,04/02,03/21,N,83182,N-NOM,,1
317,,Commit,,USA,N,,*,R,1AUE2Y5,,41A,2,889CJF,I,04/02,03/21,N,14362,N-NOM,,1
318,,Commit,,USA,N,,*,R,1AUE2Y6,,41A,2,889CJS,I,04/02,03/21,N,14362,N-NOM,,1
319,,Commit,,USA,N,,*,R,1AUE2Y7,,41A,2,889CHR,I,04/02,03/21,N,14362,N-NOM,,1
320,,Commit,,USA,N,,*,R,1AUE2Y8,,41A,2,889CKT,I,04/02,03/21,N,14362,N-NOM,,1
321,,Commit,,USA,N,,*,R,1AUE2Y9,,41A,2,889CKG,I,04/02,03/21,N,14362,N-NOM,,1
322,,Commit,,USA,N,,*,R,1AUE2Z1,,41A,2,889CGL,I,04/02,03/21,N,14362,N-NOM,,1
323,,Commit,,USA,N,,*,R,1AUE2Z2,,41A,2,889CDW,I,04/02,03/21,N,14362,N-NOM,,1
324,,Commit,,USA,N,,*,R,1AUE2Z3,,41A,2,889CDJ,I,04/02,03/21,N,14362,N-NOM,,1
325,,Commit,,USA,N,,*,R,1AUE2Z4,,41A,2,889CFX,I,04/02,03/21,N,14362,N-NOM,,1
326,,Commit,,USA,N,,*,R,1AUE2Z5,,41A,2,889CFK,I,04/02,03/21,N,14362,N-NOM,,1
327,,Commit,,USA,N,,*,R,1AUE2Z6,,41A,2,889CLV,I,04/02,03/21,N,14362,N-NOM,,1
328,,Commit,,USA,N,,*,R,1AUE2Z7,,41A,2,889CLH,I,04/02,03/21,N,14362,N-NOM,,1
329,,Commit,,USA,N,,*,R,1AUE2Z8,,41A,2,889CNK,I,04/02,03/21,N,14362,N-NOM,,1
330,,Commit,,USA,N,,*,R,1AUE2Z9,,41A,2,889CMJ,I,04/02,03/21,N,14362,N-NOM,,1
331,,Commit,,USA,N,,*,R,1AUE201,,41A,2,889CMW,I,04/02,03/21,N,14362,N-NOM,,1
332,,Commit,,USA,N,,*,R,1AUE222,,41A,2,889CRS,I,04/02,03/21,N,14362,N-NOM,,1
333,,Commit,,USA,N,,*,R,1AUE223,,41A,2,889CSG,I,04/02,03/21,N,14362,N-NOM,,1
334,,Commit,,USA,N,,*,R,1AUE224,,41A,2,889CQD,I,04/02,03/21,N,14362,N-NOM,,1
335,,Commit,,USA,N,,*,R,1AUE225,,41A,2,889CQR,I,04/02,03/21,N,14362,N-NOM,,1
336,,Commit,,USA,N,,*,R,1AUE226,,41A,2,889CRF,I,04/02,03/21,N,14362,N-NOM,,1
337,,Commit,,USA,N,,*,R,1AUE246,,41A,2,889CYQ,I,04/02,03/21,N,14362,N-NOM,,1
338,,Commit,,USA,N,,*,R,1AUE247,,41A,2,889CXB,I,04/02,03/21,N,14362,N-NOM,,1
339,,Commit,,USA,N,,*,R,1AUE248,,41A,2,889CYC,I,04/02,03/21,N,14362,N-NOM,,1
340,,Commit,,USA,N,,*,R,1AUE249,,41A,2,889CWN,I,04/02,03/21,N,14362,N-NOM,,1
341,,Commit,,USA,N,,*,R,1AUE251,,41A,2,889CXP,I,04/02,03/21,N,14362,N-NOM,,1
342,,Commit,,CANADA,N,,*,R,1AUE254,,22A,2,XB405V,N,04/02,03/14,N,0,N-NOM,,1
343,,Commit,,USA,N,,*,R,1AUE268,TUL3,41A,1,889DJP,I,04/02,03/22,N,14362,N-NOM,,2
344,,Commit,,CANADA,N,,*,R,1AUE273,,44E,2,XB406A,P,04/02,03/14,N,83182,N-NOM,,1
345,,Commit,CTB,ABUDHABI,N,EMIRATES GLOBAL ALUMINIUM PJSC,,R,0LZ992U,BRZ,MME,1,LZ992U,N,04/02,02/06,N,253405,N-NOM,,1
346,,Commit,,ABUDHABI,N,EMIRATES GLOBAL ALUMINIUM PJSC,,R,0LZ994S,BRZ,MME,1,LZ994S,N,04/02,02/06,N,252684,N-NOM,,1
347,,Commit,CTB,ABUDHABI,N,EMIRATES GLOBAL ALUMINIUM PJSC,,R,0LZ998T,BRZ,MME,1,LZ998T,N,04/02,02/06,N,253405,N-NOM,,1
0,,Commit,,USA,,896SENSITIVE,,F,1AUEM93,BRZ,MME,3,888NLS,P,04/02,02/07,Y,6285,TST-W,02-17_03.54,6
1,,Commit,,USA,,896SENSITIVE,,F,1AUEM98,BRZ,MME,5,888NLC,P,04/02,02/07,Y,7879,TST-W,02-17_09.28,7
2,,Commit,,USA,,,*,F,0BQG762,BRZ,MHE,1,BQG762,N,04/02,02/07,N,436186,BLD,02-17_10.27,1
3,,Commit,SHORT_MODULE_00UM261,USA,,,*,F,1AUEYO4,,21A,2,888YRT,P,02/27,02/02,N,8707,TST-W,02-15_10.46,1
4,,Commit,SHORT_MODULE_00UM261,USA,,,*,F,1AUEYO5,,21A,2,888YSQ,P,02/27,02/02,N,8707,TST-W,02-15_12.38,1
5,,Commit,SHORT_MODULE_00UM261,FRANCE,,PEUGEOT CA BY SCC,,F,1AUEZD4,,41A,3,NM35ZE,N,02/21,01/30,N,1078,TST-W,02-15_07.27,1
6,,Commit,,SWEDEN,,,*,F,1AUE142,EAST,22L,7,AS5182,N,02/28,02/01,Y,0,BLD,02-16_18.31,3
7,,Commit,,ITALY,,,*,F,1AUE2C2,,22A,1,GY39GV,N,02/26,02/07,N,18932,BLD,02-16_17.39,1
8,,Commit,MODULE_00YV413_NOT_ASIGNED,ITALY,,,*,E,1AUETL3,,44E,2,GY2B89,P,03/20,02/16,N,84394,TST-W,02-16_21.22,1
9,,Commit,,USA,,CENTURYLINK,,R,1AUDKW5,BRG3,MHE,2,887BMV,N,03/20,03/16,Y,9772,TST-W,02-16_22.09,6
10,,Commit,,SWEDEN,,LINK PINGS UNIVERSITET NSC,,R,1AUD3K9,EAST,22L,13,AS8952,N,03/21,02/14,Y,4039,TST-W,02-17_09.47,10
11,,Commit,MODULE_00YV413_NOT_ASIGNED,USA,,,*,R,1AUEJZ9,,44E,2,888LLB,P,03/20,03/16,N,83182,TST-W,01-26_23.50,1
12,,Commit,SHORT_00VK307_IMPROVE_PSSD,USA,,,*,R,1AUEQQ6,BRZ,MME,2,888RMQ,P,03/20,03/14,N,181039,KR,02-17_12.32,5
13,,Commit,SHORT_00VK307_IMPROVE_PSSD,USA,,,*,R,1AUEQR2,BRZ,MME,2,888RNC,P,03/20,03/14,N,181039,KR,02-17_12.31,5
14,,Commit,SHORT_00VK292_DIMM,USA,,,*,R,1AUES99,,44E,2,4BFRHH,P,03/20,03/15,N,83182,BLD,02-17_07.45,1
15,,Commit,SHORT_00VK292_DIMM,USA,,,*,R,1AUETA1,,44E,2,4BFRHT,P,03/20,03/15,N,83182,BLD,02-17_10.18,1
16,,Commit,SHORT_00VK292_DIMM,USA,,,*,R,1AUETD1,,44E,2,4BFRLM,P,03/20,03/15,N,83182,BLD-W,02-17_08.27,1
17,,Commit,SHORT_00VK292_DIMM,USA,,,*,R,1AUETD2,,44E,2,4BFRKN,P,03/20,03/15,N,83182,BLD-W,02-17_08.32,1
18,,Commit,SHORT_00VK292_DIMM,USA,,,*,R,1AUETD3,,44E,2,4BFRKZ,P,03/20,03/15,N,83182,BLD-W,02-17_08.35,1
19,,Commit,SHORT_00VK292_DIMM,USA,,,*,R,1AUETD4,,44E,2,4BFRMF,P,03/20,03/15,N,83182,BLD-W,02-17_06.05,1
20,,Commit,SHORT_00VK292_DIMM,USA,,,*,R,1AUETD5,,44E,2,4BFRLY,P,03/20,03/15,N,83182,BLD-W,02-17_08.51,1
21,,Commit,,S AFRICA,,,*,P,1AUE0F6,BRZ,MHE,3,A1U66A,P,03/20,02/16,Y,354281,TST-W,02-17_04.18,6
22,,Commit,,S AFRICA,,,*,P,1AUE0H4,BRZ,MHE,3,A1U67H,P,03/20,02/16,Y,354281,TST-W,02-17_09.14,6
23,,Commit,,S AFRICA,,,*,P,1AUE0H6,BRG3,MHE,3,A1U67U,P,03/20,02/16,Y,354281,TST-W,02-16_22.09,9
24,,Commit,,S AFRICA,,,*,P,1AUE0K7,BRZ,MHE,5,A1U68F,P,03/20,02/16,Y,354281,TST-W,02-17_04.45,7
25,,Commit,SHORT_00VK307,S AFRICA,,,*,P,1AUE0U8,,42A,2,A1U6GU,P,03/20,02/16,N,44025,BLD,02-17_08.41,1
26,,Commit,SHORT_00VK307,S AFRICA,,,*,P,1AUE0U9,,42A,2,A1U6H1,P,03/20,02/16,N,44025,BLD,02-17_10.43,1
27,,Commit,SHORT_00VK307,S AFRICA,,,*,P,1AUE0V2,,42A,2,A1U6FR,P,03/20,02/16,N,44025,BLD,02-17_08.50,1
28,,Commit,SHORT_00VK307,S AFRICA,,,*,P,1AUE0V4,,42A,2,A1U6FY,P,03/20,02/16,N,44025,BLD,02-17_10.43,1
29,,Commit,,S AFRICA,,,*,P,1AUE0V5,,CR9,5,A1U6GF,P,03/20,02/16,Y,44025,BLD,02-16_15.28,3
30,,Commit,,S AFRICA,,,*,P,1AUE0Y4,,41A,2,A1U6JN,P,03/20,02/16,N,22190,TST-W,02-17_05.25,1
31,,Commit,,S AFRICA,,,*,P,1AUE0Y5,,41A,2,A1U6JV,P,03/20,02/16,N,22190,TST-W,02-17_04.54,1
32,,Commit,,S AFRICA,,,*,P,0T1D3XS,BRG3,MHD,1,T1D3XS,N,03/20,02/16,Y,0,BLD,02-17_05.40,8
33,,Commit,SHORT_00VK307,S AFRICA,,,*,P,0T1D3XT,BRG3,MHD,1,T1D3XT,N,03/20,02/16,Y,0,BLD,02-17_08.36,8
34,,Commit,MODULE_00YV413_NOT_ASIGNED,DENMARK,,,*,R,1AUBWR4,TUL3,44E,1,AD628P,N,03/21,02/14,N,84394,TST-W,01-27_20.45,1
35,,Commit,MODULE_00YV413_NOT_ASIGNED,DENMARK,,,*,R,1AUBWR5,TUL3,44E,1,AD628R,N,03/21,02/14,N,84394,CBL/CSC,01-30_11.33,1
0,,Commit,SHORT_MODULE_00UM261,FRANCE,,PEUGEOT CITROEN AUTOMOBILES,,F,1AUEZH3,,41A,3,NM350D,N,02/21,01/30,N,1078,CLA-W,02-17_00.36,1
0,,Commit,,BURKINA FA,,ONEA,,F,1AUDMI6,,CR9,2,A1TT8B,N,02/23,01/22,N,2204,CLA,01-27_00.45,1
1,,Commit,,BURKINA FA,,,*,F,1AUD2F9,,42A,1,A1TT7G,N,02/23,01/22,N,44025,CLA,01-27_21.20,2
2,,Commit,SHORT_90Y3046,BURKINA FA,,ONEA,,F,1AUD2G1,,94Y,1,A1TT8D,N,02/23,01/22,N,4338,CLA,02-12_16.50,1
3,,Commit,,GERMANY,,,*,F,1AUEUW8,,22A,2,A1U43E,P,02/22,02/22,N,18932,CLA,02-08_17.54,1
4,,Commit,,USA,,,*,F,1AUEV83,,41A,1,888VZG,I/R,03/01,01/30,N,14362,CLA,02-09_20.43,1
5,,Commit,,USA,,,*,F,0BQG870,BRZ,MME,1,BQG870,N,02/22,02/07,N,181039,CLA,02-17_05.56,1
6,,Commit,,USA,,,*,F,0BQG871,BRZ,MME,1,BQG871,N,02/22,02/07,N,181039,CLA,02-16_17.25,1
7,,Commit,,USA,,,*,F,1AUEXO5,,41A,2,888WMG,I/R,03/01,01/31,N,14362,CLA,02-14_14.16,1
8,,Commit,,USA,,,*,F,1AUEYN3,,21A,2,888YVJ,P,02/27,02/02,N,8707,CLA,02-16_00.28,1
9,,Commit,,USA,,,*,F,1AUEYN4,,21A,2,888YVB,P,02/27,02/02,N,8707,CLA,02-15_22.20,1
10,,Commit,,USA,,,*,F,1AUEYN5,,21A,2,888YRM,P,02/27,02/02,N,8707,CLA,02-16_00.13,1
11,,Commit,,USA,,,*,F,1AUEYN6,,21A,2,888YVQ,P,02/27,02/02,N,8707,CLA,02-16_06.09,1
12,,Commit,,USA,,,*,F,1AUEYN7,,21A,2,888YSB,P,02/27,02/02,N,8707,CLA,02-16_00.23,1
13,,Commit,,USA,,,*,F,1AUEYN8,,21A,2,888YWF,P,02/27,02/02,N,8707,CLA,02-15_23.51,1
14,,Commit,,USA,,,*,F,1AUEYN9,,21A,2,888YSX,P,02/27,02/02,N,8707,CLA,02-16_05.12,1
15,,Commit,,USA,,,*,F,1AUEYO1,,21A,2,888YTM,P,02/27,02/02,N,8707,CLA,02-16_01.36,1
16,,Commit,,USA,,,*,F,1AUEYO2,,21A,2,888YSJ,P,02/27,02/02,N,8707,CLA,02-15_23.41,1
17,,Commit,,USA,,,*,F,1AUEYO3,,21A,2,888YQJ,P,02/27,02/02,N,8707,CLA,02-15_22.23,1
18,,Commit,,SWITZERLAN,,,*,F,1AUEY65,,41A,1,A1U5RS,I/R,02/21,01/30,N,16296,CLA,02-16_00.14,1
19,,Commit,SHORT_MODULE_00UM261,SPAIN,,,*,F,1AUEZD6,,41A,1,BW1X6C,N,02/23,01/30,N,16296,CLA,02-16_22.11,1
20,,Commit,,GERMANY,,,*,F,1AUEZD8,,41A,1,A1U5VU,I/R,02/22,02/01,N,16296,CLA,02-16_04.13,1
21,,Commit,,GERMANY,,,*,F,1AUEZF9,,41A,2,A1U5WB,I/R,02/22,02/01,N,16296,CLA,02-16_05.11,1
22,,Commit,,ISRAEL,,,*,F,1AUEZP3,,22A,4,LO05YL,P,04/02,01/30,Y,37864,CLA,02-17_04.11,3
23,,Commit,,USA,,COCA-COLA BOTTLING CO,,F,1AUEZ61,,41A,3,888ZGV,I,02/21,01/29,N,2075,CLA,02-16_00.34,1
24,,Commit,,GERMANY,,,*,F,1AUE0Q4,,22A,2,A1U6BZ,N,02/22,02/01,Y,37864,CLA,02-16_20.16,3
25,,Commit,,U KINGDOM,,CSC COMPUTER SCIENCES LTD,,F,0UL9T98,BRZ,MME,1,UL9T98,N,02/21,01/31,N,300000,CLA,02-16_17.52,1
26,,Commit,,USA,,,*,F,1AUE144,,22A,2,889BLF,P,02/23,02/08,N,24173,CLA,02-17_00.16,1
27,,Commit,,SPAIN,,,*,E,1AUDKK5,,41A,1,QO202N,N,03/26,02/01,N,16296,CLA,01-26_14.44,1
28,,Commit,,SPAIN,,,*,E,1AUDKL6,,41A,1,QO2020,N,03/26,02/01,N,16296,CLA,01-26_15.30,1
29,,Commit,,FRANCE,,,*,E,1AUDOJ3,TUL3,41A,1,NJ5251,N,03/26,02/02,N,16296,CLA,01-26_21.48,2
30,,Commit,,POLAND,,,*,E,1AUDSW8,,42A,2,GR404L,P,03/20,02/01,N,46474,CLA,01-26_23.21,1
31,,Commit,,POLAND,,,*,E,1AUDSW9,,42A,2,GR404M,P,03/20,02/01,N,46474,CLA,01-27_00.19,1
32,,Commit,,POLAND,,,*,E,1AUDSX1,,22A,12,GR403J,P,03/20,02/01,Y,113592,CLA,01-27_06.38,7
33,,Commit,,POLAND,,,*,E,1AUDSX2,,42A,2,GR404K,P,03/20,02/01,N,46474,CLA,01-27_06.13,1
34,,Commit,,POLAND,,,*,E,1AUDSX3,,22A,2,GR4018,P,03/20,02/01,N,18932,CLA,01-27_01.33,1
35,,Commit,,POLAND,,,*,E,1AUDSX4,,42A,2,GR404N,P,03/20,02/01,N,46474,CLA,01-27_00.28,1
36,,Commit,,POLAND,,,*,E,1AUDSZ5,,44E,2,GR4045,P,03/20,02/01,N,84394,CLA,01-27_01.29,1
37,,Commit,,POLAND,,,*,E,1AUDSZ6,,44E,2,GR4044,P,03/20,02/01,N,84394,CLA,01-27_05.36,1
38,,Commit,CTB,GERMANY,,,*,B,1AUDVB4,TUL3,44E,2,A1TUN3,P,03/20,02/02,N,84394,CLA,12-30_17.42,1
39,,Commit,CTB,GERMANY,,,*,B,1AUDVB5,TUL3,44E,2,A1TUNT,P,03/20,02/02,N,84394,CLA,12-30_08.33,1
40,,Commit,CTB,GERMANY,,,*,B,1AUDVB6,TUL3,44E,2,A1TUNM,P,03/20,02/02,N,84394,CLA,12-30_06.11,1
41,,Commit,CTB,GERMANY,,,*,B,1AUDVB7,TUL3,44E,2,A1TUNF,P,03/20,02/02,N,84394,CLA,12-30_21.17,1
42,,Commit,SHORT_01KU189,GERMANY,,,*,B,1AUDVB8,TUL3,44E,2,A1TUP5,P,03/20,02/02,N,84394,CLA,12-31_03.18,1
43,,Commit,SHORT_01KU189,GERMANY,,,*,B,1AUDVB9,TUL3,44E,2,A1TUN9,P,03/20,02/02,N,84394,CLA,12-31_03.20,1
44,,Commit,SHORT_01KU189,GERMANY,,,*,B,1AUDVC1,TUL3,44E,2,A1TUNZ,P,03/20,02/02,N,84394,CLA,12-31_06.17,1
45,,Commit,SHORT_01KU189,GERMANY,,,*,B,1AUDVC2,TUL3,44E,2,A1TUMX,P,03/20,02/02,N,84394,CLA,12-31_03.14,1
46,,Commit,,INDIA,,,*,E,1AUD489,BR12,MHE,1,OL7R3W,N,03/20,01/15,N,190375,CLA,01-29_16.34,8
47,,Commit,,INDIA,,,*,E,1AUD491,BR12,MHE,1,OL7R4R,N,03/20,01/15,N,190375,CLA,01-30_01.58,8
48,,Commit,,INDIA,,,*,E,1AUD492,BR12,MHE,1,OL7R33,N,03/20,01/15,N,190375,CLA,01-29_09.42,8
49,,Commit,,INDIA,,,*,E,1AUD493,BR12,MHE,1,OL7R4A,N,03/20,01/15,N,190375,CLA,01-29_22.09,8
50,,Commit,,INDIA,,,*,E,1AUD496,BR12,MHE,1,OL7R3N,N,03/20,01/15,N,190375,CLA,01-29_10.57,8
51,,Commit,,INDIA,,,*,E,1AUD497,,22A,1,OL7R4Y,N,03/20,01/15,N,23933,CLA,01-27_09.40,1
52,,Commit,,INDIA,,,*,E,1AUD498,,22A,1,OL7R5C,N,03/20,01/15,N,23933,CLA,01-27_06.08,1
53,,Commit,,INDIA,,,*,E,1AUD499,,22A,1,OL7R45,N,03/20,01/15,N,23933,CLA,01-27_09.44,1
54,,Commit,,INDIA,,,*,E,1AUD5A1,BR12,MHE,1,OL7R4H,N,03/20,01/15,N,190375,CLA,01-30_13.47,8
55,,Commit,CSC,JAPAN,,J0488 CYPRESS IN D0860,,E,1AUEE56,EAST,22L,12,TE1553,N,03/20,02/16,Y,8508,CLA,01-30_04.51,9
56,,Commit,,NETHERLAND,,PHILIPS IT,,E,1AUEK02,EAST,22L,10,KF5RFC,N,03/21,02/01,Y,3517,CLA,01-31_23.45,6
57,,Commit,,ITALY,,TECH DATA ITALIA SRL,,E,1AUEL53,,41A,5,GY8PYU,N,03/26,02/19,N,3976,CLA,01-27_20.55,1
58,,Commit,,ITALY,,,*,E,1AUEL54,,41A,1,GY8PYT,N,03/26,02/19,N,16296,CLA,01-27_12.39,1
59,,Commit,,TAIWAN,,TAIWAN COOPERATIVE BANK,,E,1AUEP67,,94Y,1,QR18YP,N,03/20,02/02,N,2818,CLA,02-15_23.16,1
60,,Commit,,TAIWAN,,TAIWAN COOPERATIVE BANK,,E,1AUEP68,,94Y,1,QR18YN,N,03/20,02/02,N,2818,CLA,02-16_05.28,1
61,,Commit,,TAIWAN,,TAIWAN COOPERATIVE BANK,,E,1AUEP69,,94Y,1,QR185L,N,03/20,02/02,N,8490,CLA,02-16_04.31,1
62,,Commit,,TAIWAN,,TAIWAN COOPERATIVE BANK,,E,1AUEP71,,94Y,1,QR183R,N,03/20,02/02,N,8490,CLA,02-15_23.09,1
63,,Commit,,GERMANY,,,*,B,1AUEQF5,,22L,16,A1U2NM,N,03/20,02/02,Y,551920,CLA,01-31_21.49,9
64,,Commit,,INDIA,,,*,E,1AUEQN4,,22A,1,OL6PK3,N,03/20,01/15,N,23933,CLA,01-31_10.04,1
65,,Commit,,INDIA,,,*,E,1AUEQN5,,22A,1,OL6PL2,N,03/20,01/15,N,23933,CLA,01-31_10.00,1
66,,Commit,,INDIA,,,*,E,1AUEQN9,,22A,1,OL6PR6,N,03/20,01/15,N,23933,CLA,01-31_17.12,1
67,,Commit,,INDIA,,,*,E,1AUEQO1,,22A,1,OL6PTJ,N,03/20,01/15,N,23933,CLA,01-31_17.14,1
68,,Commit,,JAPAN,,,*,E,1AUEZP1,,GTG,1,TK013V,N,03/20,02/16,N,0,CLA,02-16_23.55,1
69,,Commit,,U KINGDOM,,,*,E,1AUEZR4,,GTG,1,FH8ABA,N,03/21,02/14,N,0,CLA,02-16_08.44,1
70,,Commit,,GERMANY,,,*,B,1AUBKK1,BRG3,MHE,2,A1T8GV,N,12/01,11/17,Y,281916,CLA,12-01_13.26,7
71,,Commit,CSC,USA,,,*,U,1AUBL71,ISAS,A24,32,K6QJ38,N,12/15,12/14,Y,272549,CLA,12-15_06.02,29
72,,Commit,CTB,INDIA,,,*,E,1AUCC91,TUL3,42L,1,OL6KQT,N,03/20,02/12,N,43383,CLA,12-28_06.10,1
73,,Commit,CTB,INDIA,,,*,E,1AUCC92,TUL3,42L,1,OL6JMV,N,03/20,02/12,N,43383,CLA,12-28_06.49,1
74,,Commit,CTB,INDIA,,,*,E,1AUCC93,TUL3,42A,1,OL6JHP,N,03/20,02/12,N,48103,CLA,12-30_03.07,1
75,,Commit,CTB,INDIA,,,*,E,1AUCC94,TUL3,42A,1,OL6LBZ,N,03/20,02/12,N,48103,CLA,12-29_06.11,1
76,,Commit,,USA,,,*,R,1AUC2Z9,,GTG,1,4BDHSD,N,03/20,03/15,N,0,CLA,01-26_18.21,1
77,,Commit,,USA,,,*,R,1AUC201,,GTG,1,4BDHRV,N,03/20,03/15,N,0,CLA,01-26_20.17,1
78,,Commit,,USA,,,*,R,1AUC202,,GTG,1,4BDHSC,N,03/20,03/15,N,0,CLA,01-26_13.00,1
79,,Commit,,USA,,,*,R,1AUC203,,GTG,1,4BDHRW,N,03/20,03/15,N,0,CLA,01-26_14.14,1
80,,Commit,,USA,,,*,R,1AUC204,,GTG,1,4BDHRN,N,03/20,03/15,N,0,CLA,01-26_13.35,1
81,,Commit,,USA,,,*,R,1AUC205,,GTG,1,4BDHRZ,N,03/20,03/15,N,0,CLA,01-26_17.14,1
82,,Commit,,USA,,,*,R,1AUC206,,GTG,1,4BDHRL,N,03/20,03/15,N,0,CLA,01-26_17.44,1
83,,Commit,,USA,,,*,R,1AUC207,,GTG,1,4BDHRG,N,03/20,03/15,N,0,CLA,01-26_17.01,1
84,,Commit,,USA,,,*,R,1AUC208,,GTG,1,4BDHRM,N,03/20,03/15,N,0,CLA,01-26_17.55,1
85,,Commit,,USA,,,*,R,1AUC209,,GTG,1,4BDHRY,N,03/20,03/15,N,0,CLA,01-26_17.31,1
86,,Commit,,USA,,,*,R,1AUC211,,GTG,1,4BDHRJ,N,03/20,03/15,N,0,CLA,01-26_23.40,1
87,,Commit,,USA,,,*,R,1AUC212,,GTG,1,4BDHRK,N,03/20,03/15,N,0,CLA,01-26_18.31,1
88,,Commit,,USA,,,*,R,1AUC213,,GTG,1,4BDHSB,N,03/20,03/15,N,0,CLA,01-26_18.13,1
89,,Commit,,USA,,,*,R,1AUC214,,GTG,1,4BDHRR,N,03/20,03/15,N,0,CLA,01-26_17.12,1
90,,Commit,,USA,,,*,R,1AUDLJ3,EAST,21L,7,4BDHMJ,N,03/20,03/15,Y,0,CLA,01-29_10.38,4
91,,Commit,,USA,,,*,R,1AUDN26,EAST,22L,7,4BDMVS,N,03/20,03/15,Y,0,CLA,01-29_10.40,4
92,,Commit,,SOUTH KORE,,,*,R,1AUDSL8,GARI,GTB,1,QW53YH,N,03/20,02/08,N,59035,CLA,01-26_16.27,1
93,,Commit,,USA,,THE BABCOCK & WILCOX CO,,R,1AUEEM3,EAST,22L,10,888DZQ,N,03/20,03/15,Y,5599,CLA,01-23_14.32,6
94,,Commit,,USA,,,*,R,1AUEHS2,TUL3,44E,2,888KCG,P,03/20,03/15,N,83182,CLA,01-27_22.29,3
95,,Commit,,USA,,,*,R,1AUEHS3,TUL3,44E,2,888KBW,P,03/20,03/15,N,83182,CLA,01-27_23.14,3
96,,Commit,,USA,,,*,R,1AUEHS5,TUL3,44E,2,888KCQ,P,03/20,03/15,N,83182,CLA,01-27_20.40,3
97,,Commit,,USA,,,*,R,1AUEHT2,TUL3,44E,2,888KFJ,P,03/20,03/15,N,83182,CLA,01-27_22.48,3
98,,Commit,,USA,,,*,R,1AUEHT3,TUL3,44E,2,888KDY,P,03/20,03/15,N,83182,CLA,01-28_05.25,3
99,,Commit,,USA,,,*,R,1AUEHT4,TUL3,44E,2,888KGV,P,03/20,03/15,N,83182,CLA,01-27_05.25,3
100,,Commit,,SOUTH KORE,,,*,R,1AUEJN5,,GTG,1,KC8745,N,03/20,02/09,N,0,CLA,01-25_03.56,1
101,,Commit,,USA,,,*,R,1AUEK42,,22A,4,888MFQ,P,03/26,03/16,Y,48346,CLA,02-15_09.46,3
102,,Commit,,USA,,,*,R,1AUEK44,,22A,2,888MGC,P,03/26,03/16,N,24173,CLA,02-15_10.16,1
103,,Commit,,USA,,BIMBO BAKERIES USA INC,,R,1AUEK45,,CR9,2,888MGJ,N,03/26,03/16,N,2075,CLA,01-26_15.33,1
104,,Commit,,USA,,,*,R,1AUES93,,44E,2,4BFRGJ,P,03/20,03/15,N,83182,CLA,02-16_21.11,1
105,,Commit,SHORT_00VK292_DIMM,USA,,,*,R,1AUES95,,44E,2,4BFRGV,P,03/20,03/15,N,83182,CLA,02-16_21.49,1
106,,Commit,,USA,,,*,R,1AUETF8,,44E,1,888TJZ,N,03/20,03/16,N,83182,CLA,02-17_05.54,1
107,,Commit,,USA,,,*,R,1AUEZS2,,22L,2,4BFWQG,N,03/20,03/14,N,26849,CLA,02-16_16.44,1
108,,Commit,,USA,,,*,R,1AUEZ41,,22L,2,4BFXKR,N,03/20,03/14,N,26849,CLA,02-16_21.23,1
109,,Commit,,USA,,,*,R,1AUEZ42,,22L,2,4BFXMT,N,03/20,03/14,N,26849,CLA,02-16_22.23,1
110,,Commit,,USA,,,*,R,1AUEZ43,,22L,2,4BFXLB,N,03/20,03/14,N,26849,CLA,02-16_21.20,1
111,,Commit,,USA,,,*,R,1AUEZ44,,22L,2,4BFXMP,N,03/20,03/14,N,26849,CLA,02-16_17.36,1
112,,Commit,,USA,,,*,R,1AUEZ45,,22L,2,4BFXKH,N,03/20,03/14,N,26849,CLA,02-16_17.12,1
113,,Commit,,USA,,,*,R,1AUEZ46,,22L,2,4BFXND,N,03/20,03/14,N,26849,CLA,02-16_21.27,1
114,,Commit,,USA,,,*,R,1AUEZ47,,22L,2,4BFXLG,N,03/20,03/14,N,26849,CLA,02-16_22.38,1
115,,Commit,,USA,,,*,R,1AUEZ48,,22L,2,4BFXLZ,N,03/20,03/14,N,26849,CLA,02-16_18.37,1
116,,Commit,,USA,,,*,R,1AUEZ49,,22L,2,4BFXMF,N,03/20,03/14,N,26849,CLA,02-16_22.31,1
117,,Commit,,USA,,,*,R,1AUEZ51,,22L,2,4BFXKW,N,03/20,03/14,N,26849,CLA,02-16_21.47,1
118,,Commit,,USA,,,*,R,1AUEZ52,,22L,2,4BFXLQ,N,03/20,03/14,N,26849,CLA,02-17_00.06,1
119,,Commit,,USA,,,*,R,1AUEZ53,,22L,2,4BFXKC,N,03/20,03/14,N,26849,CLA,02-17_05.10,1
120,,Commit,,USA,,,*,R,1AUEZ54,,22L,2,4BFXLV,N,03/20,03/14,N,26849,CLA,02-17_06.14,1
121,,Commit,,USA,,,*,R,1AUEZ55,,22L,2,4BFXMY,N,03/20,03/14,N,26849,CLA,02-17_09.02,1
122,,Commit,,USA,,,*,R,1AUEZ56,,22L,2,4BFXMK,N,03/20,03/14,N,26849,CLA,02-17_10.10,1
123,,Commit,,USA,,,*,R,1AUEZ58,,22L,2,4BFXKM,N,03/20,03/14,N,26849,CLA,02-17_05.46,1
124,,Commit,,USA,,,*,R,1AUEZ78,,22L,2,4BFXVX,N,03/20,03/14,N,26849,CLA,02-16_22.19,1
125,,Commit,,USA,,,*,R,1AUEZ95,,22L,2,4BFXYM,N,03/20,03/14,N,26849,CLA,02-16_23.57,1
126,,Commit,,USA,,,*,R,1AUEZ96,,22L,2,4BFXXT,N,03/20,03/14,N,26849,CLA,02-16_22.35,1
127,,Commit,,USA,,,*,R,1AUEZ97,,22L,2,4BFXYB,N,03/20,03/14,N,26849,CLA,02-17_00.01,1
128,,Commit,,USA,,,*,R,1AUEZ98,,22L,2,4BFXXX,N,03/20,03/14,N,26849,CLA,02-17_00.08,1
129,,Commit,,USA,,,*,R,1AUEZ99,,22L,2,4BFXXQ,N,03/20,03/14,N,26849,CLA,02-17_07.34,1
130,,Commit,,USA,,,*,R,1AUE0A1,,22L,2,4BFXXM,N,03/20,03/14,N,26849,CLA,02-16_21.15,1
131,,Commit,,USA,,,*,R,1AUE0A2,,22L,2,4BFXYJ,N,03/20,03/14,N,26849,CLA,02-16_21.22,1
132,,Commit,,USA,,,*,R,1AUE0A3,,22L,2,4BFXXJ,N,03/20,03/14,N,26849,CLA,02-16_22.39,1
133,,Commit,,USA,,,*,R,1AUE0A4,,22L,2,4BFXYF,N,03/20,03/14,N,26849,CLA,02-17_00.59,1
134,,Commit,,S AFRICA,,,*,P,1AUE0U7,,CR9,3,A1U6GR,N,03/20,02/16,Y,0,CLA,02-17_04.17,2
135,,Commit,,S AFRICA,,,*,P,1AUE0V3,,CR9,3,A1U6FN,N,03/20,02/16,Y,0,CLA,02-17_04.34,2
136,,Commit,,USA,,,*,R,1AUB7V2,,CR9,1,885MZX,N,03/26,03/14,N,0,CLA,01-27_13.18,1
137,,Commit,,USA,,,*,R,1AUCB43,TUL3,41A,2,885NBQ,I/R,03/20,03/16,N,14362,CLA,01-29_07.30,3
138,,Commit,,USA,,,*,R,1AUCB44,,CR9,1,885NCG,N,03/20,03/16,N,0,CLA,01-27_10.43,1
139,,Commit,SHORT_00VK248,USA,,,*,R,1AUCVZ8,EAST,22L,14,886FGM,N,04/02,03/21,Y,0,CLA,01-15_15.51,10
140,,Commit,,USA,,,*,R,1AUC2P2,,GTG,2,4BDHFY,N,03/20,03/15,Y,0,CLA,01-26_01.17,3
141,,Commit,,USA,,,*,R,1AUC2P3,,GTG,4,4BDHGK,N,03/20,03/15,Y,0,CLA,02-01_16.38,5
142,,Commit,SHORT_90Y3046,USA,,UNIVERSITY OF MIAMI,,R,1AUC2P5,,94Y,1,4BDHGW,N,03/20,03/15,N,14581,CLA,02-12_20.05,1
143,,Commit,SHORT_90Y3046,USA,,UNIVERSITY OF MIAMI,,R,1AUC2P6,,94Y,1,4BDHGS,N,03/20,03/15,N,14581,CLA,02-13_04.02,1
144,,Commit,SHORT_90Y3046,USA,,UNIVERSITY OF MIAMI,,R,1AUC2P7,,94Y,1,4BDHGQ,N,03/20,03/15,N,14581,CLA,02-12_22.04,1
145,,Commit,SHORT_90Y3046,USA,,UNIVERSITY OF MIAMI,,R,1AUC2P8,,94Y,1,4BDHGT,N,03/20,03/15,N,14581,CLA,02-12_21.39,1
146,,Commit,SHORT_90Y3046,USA,,UNIVERSITY OF MIAMI,,R,1AUC2P9,,94Y,1,4BDHGV,N,03/20,03/15,N,14581,CLA,02-12_21.56,1
147,,Commit,SHORT_90Y3046,USA,,UNIVERSITY OF MIAMI,,R,1AUC2Q1,,94Y,1,4BDHGR,N,03/20,03/15,N,14581,CLA,02-12_21.02,1
148,,Commit,SHORT_90Y3046,USA,,UNIVERSITY OF MIAMI,,R,1AUC2Q2,,94Y,1,4BDHGP,N,03/20,03/15,N,14581,CLA,02-12_18.00,1
149,,Commit,SHORT_90Y3046,USA,,UNIVERSITY OF MIAMI,,R,1AUC2Q3,,94Y,1,4BDHFX,N,03/20,03/15,N,9142,CLA,02-12_23.19,1
150,,Commit,,USA,,,*,R,1AUC2Q7,,GTG,1,4BDHMP,N,03/20,03/15,N,0,CLA,01-26_10.32,1
151,,Commit,,USA,,,*,R,1AUC2Q8,,GTG,1,4BDHNM,N,03/20,03/15,N,0,CLA,01-26_17.15,1
152,,Commit,,USA,,,*,R,1AUC2Q9,,GTG,1,4BDHNS,N,03/20,03/15,N,0,CLA,01-26_18.06,1
153,,Commit,,USA,,,*,R,1AUC2R1,,GTG,1,4BDHNH,N,03/20,03/15,N,0,CLA,01-26_06.16,1
154,,Commit,,USA,,,*,R,1AUC2R2,,GTG,1,4BDHMV,N,03/20,03/15,N,0,CLA,01-26_12.37,1
155,,Commit,,USA,,,*,R,1AUC2R3,,GTG,1,4BDHNF,N,03/20,03/15,N,0,CLA,01-26_09.12,1
156,,Commit,,USA,,,*,R,1AUC2R4,,GTG,1,4BDHNJ,N,03/20,03/15,N,0,CLA,01-26_13.59,1
157,,Commit,,USA,,,*,R,1AUC2R5,,GTG,1,4BDHNB,N,03/20,03/15,N,0,CLA,01-26_17.10,1
158,,Commit,,USA,,,*,R,1AUC2R6,,GTG,1,4BDHMT,N,03/20,03/15,N,0,CLA,01-26_18.14,1
159,,Commit,,USA,,,*,R,1AUC2R7,,GTG,1,4BDHNR,N,03/20,03/15,N,0,CLA,01-26_18.07,1
160,,Commit,,USA,,,*,R,1AUC2R8,,GTG,1,4BDHNN,N,03/20,03/15,N,0,CLA,01-26_17.03,1
161,,Commit,,USA,,,*,R,1AUC2R9,,GTG,1,4BDHND,N,03/20,03/15,N,0,CLA,01-26_05.16,1
162,,Commit,,USA,,,*,R,1AUC2S1,,GTG,1,4BDHNQ,N,03/20,03/15,N,0,CLA,01-26_17.49,1
163,,Commit,,USA,,,*,R,1AUC2S2,,GTG,1,4BDHMW,N,03/20,03/15,N,0,CLA,01-26_09.19,1
164,,Commit,,USA,,,*,R,1AUC2S3,,GTG,1,4BDHMQ,N,03/20,03/15,N,0,CLA,01-26_06.17,1
165,,Commit,,USA,,,*,R,1AUC2S4,,GTG,1,4BDHMS,N,03/20,03/15,N,0,CLA,01-26_09.20,1
166,,Commit,,USA,,,*,R,1AUC2S5,,GTG,1,4BDHNK,N,03/20,03/15,N,0,CLA,01-26_17.24,1
167,,Commit,,USA,,,*,R,1AUC2S6,,GTG,1,4BDHMR,N,03/20,03/15,N,0,CLA,01-26_18.28,1
168,,Commit,,USA,,,*,R,1AUC2S7,,GTG,1,4BDHNC,N,03/20,03/15,N,0,CLA,01-26_13.47,1
169,,Commit,,USA,,,*,R,1AUC2S8,,GTG,1,4BDHMY,N,03/20,03/15,N,0,CLA,01-26_14.08,1
170,,Commit,,USA,,,*,R,1AUC2S9,,GTG,1,4BDHNL,N,03/20,03/15,N,0,CLA,01-26_17.22,1
171,,Commit,,USA,,,*,R,1AUC2T1,,GTG,1,4BDHMZ,N,03/20,03/15,N,0,CLA,01-26_12.48,1
172,,Commit,,USA,,,*,R,1AUC2T2,,GTG,1,4BDHNG,N,03/20,03/15,N,0,CLA,01-26_17.39,1
173,,Commit,,USA,,,*,R,1AUC2T3,,GTG,1,4BDHMX,N,03/20,03/15,N,0,CLA,01-26_17.57,1
174,,Commit,,USA,,,*,R,1AUC2T4,,GTG,1,4BDHNP,N,03/20,03/15,N,0,CLA,01-26_12.38,1
175,,Commit,,USA,,,*,R,1AUC2T5,,GTG,1,4BDHNW,N,03/20,03/15,N,0,CLA,01-26_12.32,1
176,,Commit,,USA,,,*,R,1AUC2T6,,GTG,1,4BDHNZ,N,03/20,03/15,N,0,CLA,01-26_06.21,1
177,,Commit,,USA,,,*,R,1AUC2T7,,GTG,1,4BDHPX,N,03/20,03/15,N,0,CLA,01-26_10.30,1
178,,Commit,,USA,,,*,R,1AUC2T8,,GTG,1,4BDHPF,N,03/20,03/15,N,0,CLA,01-26_13.59,1
179,,Commit,,USA,,,*,R,1AUC2T9,,GTG,1,4BDHNX,N,03/20,03/15,N,0,CLA,01-26_05.22,1
180,,Commit,,USA,,,*,R,1AUC2U1,,GTG,1,4BDHPP,N,03/20,03/15,N,0,CLA,01-26_13.27,1
181,,Commit,,USA,,,*,R,1AUC2U2,,GTG,1,4BDHPG,N,03/20,03/15,N,0,CLA,01-26_17.07,1
182,,Commit,,USA,,,*,R,1AUC2U3,,GTG,1,4BDHPQ,N,03/20,03/15,N,0,CLA,01-26_09.42,1
183,,Commit,,USA,,,*,R,1AUC2U4,,GTG,1,4BDHPK,N,03/20,03/15,N,0,CLA,01-26_18.25,1
184,,Commit,,USA,,,*,R,1AUC2U5,,GTG,1,4BDHNV,N,03/20,03/15,N,0,CLA,01-26_05.26,1
185,,Commit,,USA,,,*,R,1AUC2U6,,GTG,1,4BDHPH,N,03/20,03/15,N,0,CLA,01-26_20.10,1
186,,Commit,,USA,,,*,R,1AUC2U7,,GTG,1,4BDHPM,N,03/20,03/15,N,0,CLA,01-26_17.41,1
187,,Commit,,USA,,,*,R,1AUC2U8,,GTG,1,4BDHPN,N,03/20,03/15,N,0,CLA,01-26_17.29,1
188,,Commit,,USA,,,*,R,1AUC2U9,,GTG,1,4BDHPJ,N,03/20,03/15,N,0,CLA,01-26_13.56,1
189,,Commit,,USA,,,*,R,1AUC2V1,,GTG,1,4BDHNY,N,03/20,03/15,N,0,CLA,01-26_09.27,1
190,,Commit,,USA,,,*,R,1AUC2V2,,GTG,1,4BDHPT,N,03/20,03/15,N,0,CLA,01-26_13.06,1
191,,Commit,,USA,,,*,R,1AUC2V3,,GTG,1,4BDHNT,N,03/20,03/15,N,0,CLA,01-26_13.11,1
192,,Commit,,USA,,,*,R,1AUC2V4,,GTG,1,4BDHPD,N,03/20,03/15,N,0,CLA,01-26_13.39,1
193,,Commit,,USA,,,*,R,1AUC2V5,,GTG,1,4BDHPB,N,03/20,03/15,N,0,CLA,01-26_06.15,1
194,,Commit,,USA,,,*,R,1AUC2V6,,GTG,1,4BDHPR,N,03/20,03/15,N,0,CLA,01-26_20.16,1
195,,Commit,,USA,,,*,R,1AUC2V7,,GTG,1,4BDHPC,N,03/20,03/15,N,0,CLA,01-26_13.26,1
196,,Commit,,USA,,,*,R,1AUC2V8,,GTG,1,4BDHPV,N,03/20,03/15,N,0,CLA,01-26_06.20,1
197,,Commit,,USA,,,*,R,1AUC2V9,,GTG,1,4BDHPL,N,03/20,03/15,N,0,CLA,01-26_10.34,1
198,,Commit,,USA,,,*,R,1AUC2W1,,GTG,1,4BDHPW,N,03/20,03/15,N,0,CLA,01-26_09.31,1
199,,Commit,,USA,,,*,R,1AUC2W2,,GTG,1,4BDHPS,N,03/20,03/15,N,0,CLA,01-26_12.28,1
200,,Commit,,USA,,,*,R,1AUC2W3,,GTG,1,4BDHQB,N,03/20,03/15,N,0,CLA,01-26_06.06,1
201,,Commit,,USA,,,*,R,1AUC2W4,,GTG,1,4BDHQF,N,03/20,03/15,N,0,CLA,01-26_14.34,1
202,,Commit,,USA,,,*,R,1AUC2W5,,GTG,1,4BDHQV,N,03/20,03/15,N,0,CLA,01-26_07.40,1
203,,Commit,,USA,,,*,R,1AUC2W6,,GTG,1,4BDHQQ,N,03/20,03/15,N,0,CLA,01-26_18.27,1
204,,Commit,,USA,,,*,R,1AUC2W7,,GTG,1,4BDHQR,N,03/20,03/15,N,0,CLA,01-26_14.05,1
205,,Commit,,USA,,,*,R,1AUC2W8,,GTG,1,4BDHQH,N,03/20,03/15,N,0,CLA,01-26_14.15,1
206,,Commit,,USA,,,*,R,1AUC2W9,,GTG,1,4BDHPZ,N,03/20,03/15,N,0,CLA,01-26_09.27,1
207,,Commit,,USA,,,*,R,1AUC2X1,,GTG,1,4BDHQP,N,03/20,03/15,N,0,CLA,01-26_07.39,1
208,,Commit,,USA,,,*,R,1AUC2X2,,GTG,1,4BDHQY,N,03/20,03/15,N,0,CLA,01-26_08.08,1
209,,Commit,,USA,,,*,R,1AUC2X3,,GTG,1,4BDHQG,N,03/20,03/15,N,0,CLA,01-26_09.44,1
210,,Commit,,USA,,,*,R,1AUC2X4,,GTG,1,4BDHPY,N,03/20,03/15,N,0,CLA,01-26_18.17,1
211,,Commit,,USA,,,*,R,1AUC2X5,,GTG,1,4BDHQM,N,03/20,03/15,N,0,CLA,01-26_17.36,1
212,,Commit,,USA,,,*,R,1AUC2X6,,GTG,1,4BDHQN,N,03/20,03/15,N,0,CLA,01-26_18.26,1
213,,Commit,,USA,,,*,R,1AUC2X7,,GTG,1,4BDHQL,N,03/20,03/15,N,0,CLA,01-26_06.28,1
214,,Commit,,USA,,,*,R,1AUC2X8,,GTG,1,4BDHQS,N,03/20,03/15,N,0,CLA,01-26_12.48,1
215,,Commit,,USA,,,*,R,1AUC2X9,,GTG,1,4BDHQZ,N,03/20,03/15,N,0,CLA,01-26_12.28,1
216,,Commit,,USA,,,*,R,1AUC2Y1,,GTG,1,4BDHQC,N,03/20,03/15,N,0,CLA,01-26_17.27,1
217,,Commit,,USA,,,*,R,1AUC2Y2,,GTG,1,4BDHQX,N,03/20,03/15,N,0,CLA,01-26_17.52,1
218,,Commit,,USA,,,*,R,1AUC2Y3,,GTG,1,4BDHQD,N,03/20,03/15,N,0,CLA,01-26_13.00,1
219,,Commit,,USA,,,*,R,1AUC2Y4,,GTG,1,4BDHQK,N,03/20,03/15,N,0,CLA,01-26_18.34,1
220,,Commit,,USA,,,*,R,1AUC2Y5,,GTG,1,4BDHQT,N,03/20,03/15,N,0,CLA,01-26_08.07,1
221,,Commit,,USA,,,*,R,1AUC2Y6,,GTG,1,4BDHQJ,N,03/20,03/15,N,0,CLA,01-26_13.48,1
222,,Commit,,USA,,,*,R,1AUC2Y7,,GTG,1,4BDHRB,N,03/20,03/15,N,0,CLA,01-26_18.10,1
223,,Commit,,USA,,,*,R,1AUC2Y8,,GTG,1,4BDHRC,N,03/20,03/15,N,0,CLA,01-26_17.35,1
224,,Commit,,USA,,,*,R,1AUC2Y9,,GTG,1,4BDHQW,N,03/20,03/15,N,0,CLA,01-27_04.35,1
225,,Commit,,USA,,,*,R,1AUC2Z1,,GTG,1,4BDHRQ,N,03/20,03/15,N,0,CLA,01-26_17.20,1
226,,Commit,,USA,,,*,R,1AUC2Z2,,GTG,1,4BDHRX,N,03/20,03/15,N,0,CLA,01-26_18.19,1
227,,Commit,,USA,,,*,R,1AUC2Z3,,GTG,1,4BDHRS,N,03/20,03/15,N,0,CLA,01-26_20.12,1
228,,Commit,,USA,,,*,R,1AUC2Z4,,GTG,1,4BDHRH,N,03/20,03/15,N,0,CLA,01-26_18.01,1
229,,Commit,,USA,,,*,R,1AUC2Z5,,GTG,1,4BDHRP,N,03/20,03/15,N,0,CLA,01-26_17.18,1
230,,Commit,,USA,,,*,R,1AUC2Z6,,GTG,1,4BDHRD,N,03/20,03/15,N,0,CLA,01-26_18.04,1
231,,Commit,,USA,,,*,R,1AUC2Z7,,GTG,1,4BDHRT,N,03/20,03/15,N,0,CLA,01-26_17.50,1
232,,Commit,,S AFRICA,,,*,P,1AUE1X3,,T42,1,A1U6S6,N,03/20,02/16,N,0,CLA,02-16_21.12,1
233,,Commit,,S AFRICA,,,*,P,1AUE1X4,,T42,1,A1U6S5,N,03/20,02/16,N,0,CLA,02-16_21.30,1
234,,Commit,,S AFRICA,,,*,P,1AUE1X5,,T42,1,A1U6S3,N,03/20,02/16,N,0,CLA,02-16_21.48,1
235,,Commit,,S AFRICA,,,*,P,1AUE1X6,,T42,1,A1U6S4,N,03/20,02/16,N,0,CLA,02-16_22.01,1
236,,Commit,,USA,,,*,R,1AUC2Z8,,GTG,1,4BDHRF,N,03/20,03/15,N,0,CLA,01-26_14.04,1
