,Ship Date,Country,Customer Name,WU QTY,Commit,Firm,Revenue,Prod. Line,MT,Model,WU OP,WU Status,Preload,MFG #,Order,Test Cell,Status,TL OP,Step,TCO,Comment,ETTC
0,2018-02-19,USA       ,,0002,,,,T_P8TULP,8284,22A ,TEST,A,,BBB5YQP,$CTLWT,GDA1Z111,,T320,,,,
1,2018-03-01,USA       ,,0002,,,,T_P8TULP,8284,22A ,TEST,A,,BBB5185,$CTNBN,GDA1A252,,T340,,,,
2,2018-02-19,USA       ,,0002,,,,T_P8TULP,8284,22A ,TEST,A,,BBB5YQQ,$CTLWV,GDA1D104,,T340,,,,
3,2018-03-01,USA       ,,0001,,,,T_P8TULP,8286,42A ,TEST,A,,BBB517X,$CTNAN,GDA1D152,,T340,,,,
4,2018-03-01,USA       ,,0001,,,,T_P8TULP,8286,42A ,TEST,A,,BBB517P,$CTNAB,GDA1Y167,,T340,,,,
5,2018-03-01,USA       ,,0001,,,,T_P8TULP,8286,42A ,TEST,A,,BBB517K,$CTNAD,GDA1Y170,,T340,,,,
6,2018-03-01,USA       ,,0001,,,,T_P8TULP,8286,42A ,TEST,A,,BBB517R,$CTNAL,GDA1Y171,,T340,,,,
7,2018-03-01,USA       ,,0001,,,,T_P8TULP,8284,22A ,TEST,A,,BBB5150,$CTM8V,GDA1Y262,,T340,,,,
8,2018-03-01,USA       ,,0001,,,,T_P8TULP,8286,42A ,TEST,A,,BBB517S,$CTNAK,GDA1Z122,,T340,,,,
9,2018-03-01,USA       ,,0001,,,,T_P8TULP,8286,42A ,TEST,A,,BBB517Q,$CTNAJ,GDA1Z152,,T340,,,,
10,2018-03-01,USA       ,,0001,,,,T_P8TULP,8286,42A ,TEST,A,,BBB517V,$CTNAH,GDA1Z156,,T340,,,,
11,2018-03-01,USA       ,,0001,,,,T_P8TULP,8284,22A ,TEST,A,,BBB5151,$CTM8S,GDA1Z120,,T390,,,,
12,2018-02-19,USA       ,,0002,,,,T_P8TULP,8284,22A ,0970,C,,BBB5YQB,$CTLWC,        ,COMPLETED,TVAL,,,,
13,2018-02-19,USA       ,,0002,,,,T_P8TULP,8284,22A ,0970,C,,BBB5YQA,$CTLWD,        ,COMPLETED,TVAL,,,,
14,2018-02-19,USA       ,,0002,,,,T_P8TULP,8284,22A ,0970,C,,BBB5YP9,$CTLWF,        ,COMPLETED,TVAL,,,,
15,2018-02-19,USA       ,,0002,,,,T_P8TULP,8284,22A ,0970,C,,BBB5YQC,$CTLWG,        ,COMPLETED,TVAL,,,,
16,2018-02-19,USA       ,,0002,,,,T_P8TULP,8284,22A ,0970,C,,BBB5YP8,$CTLWH,        ,COMPLETED,TVAL,,,,
17,2018-02-19,USA       ,,0002,,,,T_P8TULP,8284,22A ,0970,C,,BBB5YQD,$CTLWJ,        ,COMPLETED,TVAL,,,,
18,2018-02-19,USA       ,,0002,,,,T_P8TULP,8284,22A ,0970,C,,BBB5YQG,$CTLWK,        ,COMPLETED,TVAL,,,,
19,2018-02-19,USA       ,,0002,,,,T_P8TULP,8284,22A ,0970,C,,BBB5YQF,$CTLWL,        ,COMPLETED,TVAL,,,,
20,2018-02-19,USA       ,,0002,,,,T_P8TULP,8284,22A ,0970,C,,BBB5YQH,$CTLWM,        ,COMPLETED,TVAL,,,,
21,2018-02-19,USA       ,,0002,,,,T_P8TULP,8284,22A ,0970,C,,BBB5YQJ,$CTLWN,        ,COMPLETED,TVAL,,,,
22,2018-02-19,USA       ,,0002,,,,T_P8TULP,8284,22A ,0970,C,,BBB5YQK,$CTLWP,        ,COMPLETED,TVAL,,,,
23,2018-02-19,USA       ,,0002,,,,T_P8TULP,8284,22A ,0970,C,,BBB5YQL,$CTLWQ,        ,COMPLETED,TVAL,,,,
24,2018-02-19,USA       ,,0002,,,,T_P8TULP,8284,22A ,0970,C,,BBB5YQM,$CTLWR,        ,COMPLETED,TVAL,,,,
25,2018-02-19,USA       ,,0002,,,,T_P8TULP,8284,22A ,0970,C,,BBB5YQN,$CTLWS,        ,COMPLETED,TVAL,,,,
26,2018-02-19,USA       ,,0002,,,,T_P8TULP,8284,22A ,0970,C,,BBB5YQR,$CTLWW,        ,COMPLETED,TVAL,,,,
27,2018-02-19,USA       ,,0002,,,,T_P8TULP,8284,22A ,0970,C,,BBB5YQS,$CTLWX,        ,COMPLETED,TVAL,,,,
28,2018-02-19,USA       ,,0002,,,,T_P8TULP,8284,22A ,0970,C,,BBB5YQV,$CTLWY,        ,COMPLETED,TVAL,,,,
29,2018-02-19,USA       ,,0002,,,,T_P8TULP,8284,22A ,0970,C,,BBB5YQT,$CTLWZ,        ,COMPLETED,TVAL,,,,
30,2018-03-01,USA       ,,0001,,,,T_P8TULP,8284,22A ,0970,W,,BBB5159,$CTM81,        ,COMPLETED,TVAL,,,,
31,2018-03-01,USA       ,,0001,,,,T_P8TULP,8284,22A ,0850,W,,BBB516A,$CTM82,        ,COMPLETED,TVAL,,,,
32,2018-03-01,USA       ,,0001,,,,T_P8TULP,8284,22A ,0970,W,,BBB516B,$CTM83,        ,COMPLETED,TVAL,,,,
33,2018-03-01,USA       ,,0001,,,,T_P8TULP,8284,22A ,0850,W,,BBB516C,$CTM84,        ,COMPLETED,TVAL,,,,
34,2018-03-01,USA       ,,0001,,,,T_P8TULP,8284,22A ,0970,W,,BBB516D,$CTM85,        ,COMPLETED,TVAL,,,,
35,2018-03-01,USA       ,,0001,,,,T_P8TULP,8284,22A ,0970,W,,BBB516F,$CTM86,        ,COMPLETED,TVAL,,,,
36,2018-03-01,USA       ,,0001,,,,T_P8TULP,8284,22A ,0970,W,,BBB516G,$CTM87,        ,COMPLETED,TVAL,,,,
37,2018-03-01,USA       ,,0001,,,,T_P8TULP,8284,22A ,0970,W,,BBB516H,$CTM88,        ,COMPLETED,TVAL,,,,
38,2018-03-01,USA       ,,0001,,,,T_P8TULP,8284,22A ,0970,W,,BBB516J,$CTM89,        ,COMPLETED,TVAL,,,,
39,2018-03-01,USA       ,,0001,,,,T_P8TULP,8284,22A ,0970,W,,BBB515X,$CTM8N,        ,COMPLETED,TVAL,,,,
40,2018-03-01,USA       ,,0001,,,,T_P8TULP,8284,22A ,0970,W,,BBB515Y,$CTM8P,        ,COMPLETED,TVAL,,,,
41,2018-03-01,USA       ,,0001,,,,T_P8TULP,8284,22A ,0850,W,,BBB515Z,$CTM8Q,        ,COMPLETED,TVAL,,,,
42,2018-03-01,USA       ,,0001,,,,T_P8TULP,8284,22A ,0970,W,,BBB5152,$CTM8R,        ,COMPLETED,TVAL,,,,
43,2018-03-01,USA       ,,0001,,,,T_P8TULP,8284,22A ,0970,W,,BBB5153,$CTM8T,        ,COMPLETED,TVAL,,,,
44,2018-03-01,USA       ,,0001,,,,T_P8TULP,8284,22A ,0850,W,,BBB5154,$CTM8W,        ,COMPLETED,TVAL,,,,
45,2018-03-01,USA       ,,0001,,,,T_P8TULP,8284,22A ,0970,W,,BBB5155,$CTM8X,        ,COMPLETED,TVAL,,,,
46,2018-03-01,USA       ,,0001,,,,T_P8TULP,8284,22A ,0970,W,,BBB5156,$CTM8Y,        ,COMPLETED,TVAL,,,,
47,2018-03-01,USA       ,,0001,,,,T_P8TULP,8284,22A ,0970,W,,BBB5157,$CTM8Z,        ,COMPLETED,TVAL,,,,
48,2018-03-01,USA       ,,0001,,,,T_P8TULP,8284,22A ,0970,C,,BBB517H,$CTM98,        ,COMPLETED,TVAL,,,,
49,2018-03-01,USA       ,,0001,,,,T_P8TULP,8284,22A ,0970,C,,BBB517J,$CTM99,        ,COMPLETED,TVAL,,,,
50,2018-03-01,USA       ,,0001,,,,T_P8TULP,8284,22A ,0970,W,,BBB516K,$CTM9A,        ,COMPLETED,TVAL,,,,
51,2018-03-01,USA       ,,0001,,,,T_P8TULP,8284,22A ,0970,W,,BBB516L,$CTM9B,        ,COMPLETED,TVAL,,,,
52,2018-03-01,USA       ,,0001,,,,T_P8TULP,8284,22A ,0970,W,,BBB516M,$CTM9C,        ,COMPLETED,TVAL,,,,
53,2018-03-01,USA       ,,0001,,,,T_P8TULP,8284,22A ,0970,W,,BBB516N,$CTM9D,        ,COMPLETED,TVAL,,,,
54,2018-03-01,USA       ,,0002,,,,T_P8TULP,8284,22A ,0970,C,,BBB518L,$CTNA2,        ,COMPLETED,TVAL,,,,
55,2018-03-01,USA       ,,0002,,,,T_P8TULP,8284,22A ,0970,C,,BBB518M,$CTNA3,        ,COMPLETED,TVAL,,,,
56,2018-03-01,USA       ,,0002,,,,T_P8TULP,8284,22A ,0970,C,,BBB518N,$CTNA4,        ,COMPLETED,TVAL,,,,
57,2018-03-01,USA       ,,0002,,,,T_P8TULP,8284,22A ,0970,C,,BBB518P,$CTNA5,        ,COMPLETED,TVAL,,,,
58,2018-03-01,USA       ,,0002,,,,T_P8TULP,8284,22A ,0970,C,,BBB518Q,$CTNA6,        ,COMPLETED,TVAL,,,,
59,2018-03-01,USA       ,,0002,,,,T_P8TULP,8284,22A ,0970,C,,BBB518R,$CTNA7,        ,COMPLETED,TVAL,,,,
60,2018-03-01,USA       ,,0002,,,,T_P8TULP,8284,22A ,0970,C,,BBB518T,$CTNA8,        ,COMPLETED,TVAL,,,,
61,2018-03-01,USA       ,,0002,,,,T_P8TULP,8284,22A ,0970,C,,BBB518S,$CTNA9,        ,COMPLETED,TVAL,,,,
62,2018-03-01,USA       ,,0001,,,,T_P8TULP,8286,42A ,0850,W,,BBB517M,$CTNAA,        ,COMPLETED,TVAL,,,,
63,2018-03-01,USA       ,,0001,,,,T_P8TULP,8286,42A ,0970,C,,BBB517L,$CTNAC,        ,COMPLETED,TVAL,,,,
64,2018-03-01,USA       ,,0001,,,,T_P8TULP,8286,42A ,0970,C,,BBB517N,$CTNAF,        ,COMPLETED,TVAL,,,,
65,2018-03-01,USA       ,,0001,,,,T_P8TULP,8286,42A ,0970,C,,BBB517T,$CTNAG,        ,COMPLETED,TVAL,,,,
66,2018-03-01,USA       ,,0001,,,,T_P8TULP,8286,42A ,0970,C,,BBB517W,$CTNAM,        ,COMPLETED,TVAL,,,,
67,2018-03-01,USA       ,,0002,,,,T_P8TULP,8284,22A ,0970,C,,BBB518W,$CTNBA,        ,COMPLETED,TVAL,,,,
68,2018-03-01,USA       ,,0002,,,,T_P8TULP,8284,22A ,0970,C,,BBB518V,$CTNBB,        ,COMPLETED,TVAL,,,,
69,2018-03-01,USA       ,,0002,,,,T_P8TULP,8284,22A ,0970,C,,BBB518Y,$CTNBC,        ,COMPLETED,TVAL,,,,
70,2018-03-01,USA       ,,0002,,,,T_P8TULP,8284,22A ,0970,C,,BBB518X,$CTNBD,        ,COMPLETED,TVAL,,,,
71,2018-03-01,USA       ,,0002,,,,T_P8TULP,8284,22A ,0970,C,,BBB518Z,$CTNBF,        ,COMPLETED,TVAL,,,,
72,2018-03-01,USA       ,,0002,,,,T_P8TULP,8284,22A ,0970,C,,BBB5180,$CTNBG,        ,COMPLETED,TVAL,,,,
73,2018-03-01,USA       ,,0002,,,,T_P8TULP,8284,22A ,0970,C,,BBB5181,$CTNBH,        ,COMPLETED,TVAL,,,,
74,2018-03-01,USA       ,,0002,,,,T_P8TULP,8284,22A ,0970,C,,BBB5182,$CTNBJ,        ,COMPLETED,TVAL,,,,
75,2018-03-01,USA       ,,0002,,,,T_P8TULP,8284,22A ,0970,C,,BBB5183,$CTNBK,        ,COMPLETED,TVAL,,,,
76,2018-03-01,USA       ,,0002,,,,T_P8TULP,8284,22A ,0970,C,,BBB5184,$CTNBL,        ,COMPLETED,TVAL,,,,
77,2018-03-01,USA       ,,0002,,,,T_P8TULP,8284,22A ,0970,C,,BBB5186,$CTNBM,        ,COMPLETED,TVAL,,,,
78,2018-03-01,USA       ,,0002,,,,T_P8TULP,8284,22A ,0970,C,,BBB5188,$CTNBP,        ,COMPLETED,TVAL,,,,
79,2018-03-01,USA       ,,0002,,,,T_P8TULP,8284,22A ,0970,C,,BBB5189,$CTNBQ,        ,COMPLETED,TVAL,,,,
80,2018-03-01,USA       ,,0002,,,,T_P8TULP,8284,22A ,0970,C,,BBB5187,$CTNBR,        ,COMPLETED,TVAL,,,,
81,2018-03-01,USA       ,,0001,,,,T_P8TULP,8284,22A ,HP20,A,,BBB5158,$CTM80,        ,HIPOT,TVAL,,,,
